casenum,rhos,K,N,nmeantimes,buffer_size_activation,buffer_size_activation_value,burnin_cycles_absorption,rep,seed,E(T),Pr(FV),Pr(K),time_fv_starts,prop_time_fv_starts,n(FV),time(FV),bias,abs(bias),rel. bias,rel. abs(bias)
9,"[0.4, 0.75, 0.35]",40,3200,8000000,0.025,1,4,1,1313,6.632751122,2.11E-06,3.94E-06,,,2686560,,-1.83E-06,1.83E-06,-46.40%,46.41%
9,"[0.4, 0.75, 0.35]",40,3200,8000000,0.025,1,4,2,1323,7.33383763,3.22E-06,3.94E-06,,,2147541,,-7.23E-07,7.23E-07,-18.30%,18.35%
9,"[0.4, 0.75, 0.35]",40,3200,8000000,0.025,1,4,3,1333,6.591055456,3.54E-06,3.94E-06,,,2486075,,-3.96E-07,3.96E-07,-10.00%,10.04%
9,"[0.4, 0.75, 0.35]",40,3200,8000000,0.025,1,4,4,1343,6.916065274,4.42E-06,3.94E-06,,,3037454,,4.85E-07,4.85E-07,12.30%,12.30%
9,"[0.4, 0.75, 0.35]",40,3200,8000000,0.025,1,4,5,1353,6.64238845,1.35E-06,3.94E-06,,,2126704,,-2.59E-06,2.59E-06,-65.70%,65.69%
9,"[0.4, 0.75, 0.35]",40,3200,8000000,0.025,1,4,6,1363,6.778589021,1.11E-06,3.94E-06,,,2340022,,-2.83E-06,2.83E-06,-71.80%,71.81%
9,"[0.4, 0.75, 0.35]",40,3200,8000000,0.025,1,4,7,1373,6.625228055,1.02E-06,3.94E-06,,,2085699,,-2.92E-06,2.92E-06,-74.00%,74.01%
9,"[0.4, 0.75, 0.35]",40,3200,8000000,0.025,1,4,8,1383,6.462473895,6.41E-06,3.94E-06,,,2624952,,2.47E-06,2.47E-06,62.70%,62.69%
9,"[0.4, 0.75, 0.35]",40,3200,8000000,0.025,1,4,9,1393,6.62623561,3.76E-06,3.94E-06,,,2830026,,-1.81E-07,1.81E-07,-4.60%,4.60%
9,"[0.4, 0.75, 0.35]",40,3200,8000000,0.025,1,4,10,1403,6.863301876,5.33E-06,3.94E-06,,,2732000,,1.39E-06,1.39E-06,35.30%,35.29%
9,"[0.4, 0.75, 0.35]",40,3200,8000000,0.025,1,4,11,1413,7.147582867,2.38E-06,3.94E-06,,,2436211,,-1.56E-06,1.56E-06,-39.50%,39.52%
9,"[0.4, 0.75, 0.35]",40,3200,8000000,0.025,1,4,12,1423,6.792682214,1.01E-06,3.94E-06,,,2071061,,-2.93E-06,2.93E-06,-74.40%,74.41%
9,"[0.4, 0.75, 0.35]",40,3200,8000000,0.025,1,4,13,1433,6.740386402,4.61E-06,3.94E-06,,,2632723,,6.71E-07,6.71E-07,17.00%,17.03%
9,"[0.4, 0.75, 0.35]",40,3200,8000000,0.025,1,4,14,1443,6.87015162,2.28E-06,3.94E-06,,,2610000,,-1.66E-06,1.66E-06,-42.10%,42.05%
9,"[0.4, 0.75, 0.35]",40,3200,8000000,0.025,1,4,15,1453,6.743365891,2.95E-06,3.94E-06,,,2567566,,-9.93E-07,9.93E-07,-25.20%,25.21%
10,"[0.4, 0.75, 0.35]",40,3200,8000000,0.05,2,4,1,1313,4.528738432,4.91E-07,3.94E-06,,,1618842,,-3.45E-06,3.45E-06,-87.50%,87.54%
10,"[0.4, 0.75, 0.35]",40,3200,8000000,0.05,2,4,2,1323,4.755222317,1.09E-05,3.94E-06,,,3074019,,7.01E-06,7.01E-06,177.90%,177.90%
10,"[0.4, 0.75, 0.35]",40,3200,8000000,0.05,2,4,3,1333,4.472832306,1.58E-06,3.94E-06,,,1874974,,-2.36E-06,2.36E-06,-59.90%,59.90%
10,"[0.4, 0.75, 0.35]",40,3200,8000000,0.05,2,4,4,1343,4.444118271,3.86E-06,3.94E-06,,,2074071,,-8.40E-08,8.40E-08,-2.10%,2.13%
10,"[0.4, 0.75, 0.35]",40,3200,8000000,0.05,2,4,5,1353,4.399143329,2.15E-06,3.94E-06,,,1751308,,-1.79E-06,1.79E-06,-45.30%,45.32%
10,"[0.4, 0.75, 0.35]",40,3200,8000000,0.05,2,4,6,1363,4.603535011,3.56E-06,3.94E-06,,,2591142,,-3.78E-07,3.78E-07,-9.60%,9.59%
10,"[0.4, 0.75, 0.35]",40,3200,8000000,0.05,2,4,7,1373,4.52478142,4.56E-07,3.94E-06,,,1824584,,-3.48E-06,3.48E-06,-88.40%,88.42%
10,"[0.4, 0.75, 0.35]",40,3200,8000000,0.05,2,4,8,1383,4.389586367,2.09E-07,3.94E-06,,,1238045,,-3.73E-06,3.73E-06,-94.70%,94.69%
10,"[0.4, 0.75, 0.35]",40,3200,8000000,0.05,2,4,9,1393,4.700062221,5.50E-06,3.94E-06,,,3047881,,1.56E-06,1.56E-06,39.60%,39.64%
10,"[0.4, 0.75, 0.35]",40,3200,8000000,0.05,2,4,10,1403,4.646136437,1.30E-06,3.94E-06,,,2263078,,-2.64E-06,2.64E-06,-67.00%,66.98%
10,"[0.4, 0.75, 0.35]",40,3200,8000000,0.05,2,4,11,1413,4.456295351,3.35E-06,3.94E-06,,,2189401,,-5.94E-07,5.94E-07,-15.10%,15.08%
10,"[0.4, 0.75, 0.35]",40,3200,8000000,0.05,2,4,12,1423,4.853812637,5.68E-06,3.94E-06,,,3994180,,1.74E-06,1.74E-06,44.30%,44.28%
10,"[0.4, 0.75, 0.35]",40,3200,8000000,0.05,2,4,13,1433,4.636433356,6.11E-07,3.94E-06,,,1745140,,-3.33E-06,3.33E-06,-84.50%,84.49%
10,"[0.4, 0.75, 0.35]",40,3200,8000000,0.05,2,4,14,1443,4.725404413,4.92E-06,3.94E-06,,,2391563,,9.79E-07,9.79E-07,24.80%,24.85%
10,"[0.4, 0.75, 0.35]",40,3200,8000000,0.05,2,4,15,1453,4.402064992,1.64E-06,3.94E-06,,,1663082,,-2.30E-06,2.30E-06,-58.40%,58.35%
11,"[0.4, 0.75, 0.35]",40,3200,8000000,0.075,3,4,1,1313,4.520817428,5.66E-06,3.94E-06,,,1555779,,1.72E-06,1.72E-06,43.60%,43.60%
11,"[0.4, 0.75, 0.35]",40,3200,8000000,0.075,3,4,2,1323,4.538174416,8.14E-06,3.94E-06,,,2470510,,4.20E-06,4.20E-06,106.50%,106.49%
11,"[0.4, 0.75, 0.35]",40,3200,8000000,0.075,3,4,3,1333,4.598969684,1.84E-06,3.94E-06,,,1634923,,-2.10E-06,2.10E-06,-53.20%,53.25%
11,"[0.4, 0.75, 0.35]",40,3200,8000000,0.075,3,4,4,1343,4.204602,1.32E-06,3.94E-06,,,1845655,,-2.62E-06,2.62E-06,-66.40%,66.43%
11,"[0.4, 0.75, 0.35]",40,3200,8000000,0.075,3,4,5,1353,4.503593482,3.83E-06,3.94E-06,,,2439514,,-1.12E-07,1.12E-07,-2.80%,2.84%
11,"[0.4, 0.75, 0.35]",40,3200,8000000,0.075,3,4,6,1363,4.513999104,9.23E-06,3.94E-06,,,3725032,,5.29E-06,5.29E-06,134.10%,134.14%
11,"[0.4, 0.75, 0.35]",40,3200,8000000,0.075,3,4,7,1373,4.615716129,4.25E-06,3.94E-06,,,2226319,,3.06E-07,3.06E-07,7.80%,7.77%
11,"[0.4, 0.75, 0.35]",40,3200,8000000,0.075,3,4,8,1383,4.292152596,5.79E-06,3.94E-06,,,2264055,,1.85E-06,1.85E-06,47.00%,46.96%
11,"[0.4, 0.75, 0.35]",40,3200,8000000,0.075,3,4,9,1393,4.421315739,2.21E-06,3.94E-06,,,2091691,,-1.73E-06,1.73E-06,-44.00%,44.02%
11,"[0.4, 0.75, 0.35]",40,3200,8000000,0.075,3,4,10,1403,4.490332819,9.52E-06,3.94E-06,,,2151451,,5.58E-06,5.58E-06,141.70%,141.66%
11,"[0.4, 0.75, 0.35]",40,3200,8000000,0.075,3,4,11,1413,4.288669743,3.07E-06,3.94E-06,,,2179623,,-8.68E-07,8.68E-07,-22.00%,22.02%
11,"[0.4, 0.75, 0.35]",40,3200,8000000,0.075,3,4,12,1423,4.511812398,1.63E-06,3.94E-06,,,1829162,,-2.31E-06,2.31E-06,-58.60%,58.63%
11,"[0.4, 0.75, 0.35]",40,3200,8000000,0.075,3,4,13,1433,4.347258819,5.39E-07,3.94E-06,,,1205352,,-3.40E-06,3.40E-06,-86.30%,86.31%
11,"[0.4, 0.75, 0.35]",40,3200,8000000,0.075,3,4,14,1443,4.559025357,2.86E-06,3.94E-06,,,1909899,,-1.08E-06,1.08E-06,-27.30%,27.30%
11,"[0.4, 0.75, 0.35]",40,3200,8000000,0.075,3,4,15,1453,4.467136601,1.19E-05,3.94E-06,,,3536541,,7.99E-06,7.99E-06,202.80%,202.84%
12,"[0.4, 0.75, 0.35]",40,3200,8000000,0.1,4,4,1,1313,5.00686371,4.49E-07,3.94E-06,,,1391600,,-3.49E-06,3.49E-06,-88.60%,88.61%
12,"[0.4, 0.75, 0.35]",40,3200,8000000,0.1,4,4,2,1323,4.909908292,2.26E-06,3.94E-06,,,1963681,,-1.68E-06,1.68E-06,-42.70%,42.73%
12,"[0.4, 0.75, 0.35]",40,3200,8000000,0.1,4,4,3,1333,4.946622267,1.82E-06,3.94E-06,,,1602878,,-2.12E-06,2.12E-06,-53.80%,53.84%
12,"[0.4, 0.75, 0.35]",40,3200,8000000,0.1,4,4,4,1343,4.890894735,1.70E-06,3.94E-06,,,1679944,,-2.24E-06,2.24E-06,-56.80%,56.81%
12,"[0.4, 0.75, 0.35]",40,3200,8000000,0.1,4,4,5,1353,5.145171107,1.38E-05,3.94E-06,,,4221098,,9.82E-06,9.82E-06,249.20%,249.20%
12,"[0.4, 0.75, 0.35]",40,3200,8000000,0.1,4,4,6,1363,5.113130592,6.14E-06,3.94E-06,,,1964268,,2.20E-06,2.20E-06,55.80%,55.75%
12,"[0.4, 0.75, 0.35]",40,3200,8000000,0.1,4,4,7,1373,5.073633182,8.46E-07,3.94E-06,,,1566306,,-3.09E-06,3.09E-06,-78.50%,78.53%
12,"[0.4, 0.75, 0.35]",40,3200,8000000,0.1,4,4,8,1383,5.196458379,8.69E-06,3.94E-06,,,3382788,,4.75E-06,4.75E-06,120.40%,120.45%
12,"[0.4, 0.75, 0.35]",40,3200,8000000,0.1,4,4,9,1393,5.462702585,1.95E-05,3.94E-06,,,4180600,,1.56E-05,1.56E-05,395.80%,395.84%
12,"[0.4, 0.75, 0.35]",40,3200,8000000,0.1,4,4,10,1403,5.052556745,1.96E-06,3.94E-06,,,2350582,,-1.98E-06,1.98E-06,-50.20%,50.20%
12,"[0.4, 0.75, 0.35]",40,3200,8000000,0.1,4,4,11,1413,5.288381277,7.18E-07,3.94E-06,,,1885391,,-3.22E-06,3.22E-06,-81.80%,81.78%
12,"[0.4, 0.75, 0.35]",40,3200,8000000,0.1,4,4,12,1423,5.325289937,6.45E-06,3.94E-06,,,2450793,,2.51E-06,2.51E-06,63.70%,63.71%
12,"[0.4, 0.75, 0.35]",40,3200,8000000,0.1,4,4,13,1433,5.138908867,5.03E-06,3.94E-06,,,2741338,,1.09E-06,1.09E-06,27.60%,27.58%
12,"[0.4, 0.75, 0.35]",40,3200,8000000,0.1,4,4,14,1443,5.010837083,1.90E-06,3.94E-06,,,1892106,,-2.04E-06,2.04E-06,-51.90%,51.90%
12,"[0.4, 0.75, 0.35]",40,3200,8000000,0.1,4,4,15,1453,4.788328593,1.40E-06,3.94E-06,,,1545262,,-2.54E-06,2.54E-06,-64.60%,64.56%
13,"[0.4, 0.75, 0.35]",40,3200,8000000,0.125,5,4,1,1313,6.017373178,0,3.94E-06,,,1180610,,-3.94E-06,0.00000394,-100.00%,100.00%
13,"[0.4, 0.75, 0.35]",40,3200,8000000,0.125,5,4,2,1323,5.863993072,3.78E-06,3.94E-06,,,2730410,,-1.63E-07,1.63E-07,-4.10%,4.14%
13,"[0.4, 0.75, 0.35]",40,3200,8000000,0.125,5,4,3,1333,6.026817497,1.59E-06,3.94E-06,,,1593422,,-2.35E-06,2.35E-06,-59.50%,59.53%
13,"[0.4, 0.75, 0.35]",40,3200,8000000,0.125,5,4,4,1343,6.143553712,4.81E-06,3.94E-06,,,2514151,,8.68E-07,8.68E-07,22.00%,22.03%
13,"[0.4, 0.75, 0.35]",40,3200,8000000,0.125,5,4,5,1353,6.03726101,4.69E-06,3.94E-06,,,1524651,,7.49E-07,7.49E-07,19.00%,19.01%
13,"[0.4, 0.75, 0.35]",40,3200,8000000,0.125,5,4,6,1363,6.125880727,9.12E-06,3.94E-06,,,2386923,,5.18E-06,5.18E-06,131.40%,131.42%
13,"[0.4, 0.75, 0.35]",40,3200,8000000,0.125,5,4,7,1373,5.59152964,3.14E-06,3.94E-06,,,1550311,,-7.98E-07,7.98E-07,-20.20%,20.24%
13,"[0.4, 0.75, 0.35]",40,3200,8000000,0.125,5,4,8,1383,6.208225364,9.85E-06,3.94E-06,,,1883660,,5.91E-06,5.91E-06,150.10%,150.06%
13,"[0.4, 0.75, 0.35]",40,3200,8000000,0.125,5,4,9,1393,6.231896835,3.18E-06,3.94E-06,,,1732497,,-7.58E-07,7.58E-07,-19.20%,19.24%
13,"[0.4, 0.75, 0.35]",40,3200,8000000,0.125,5,4,10,1403,5.947851819,3.70E-06,3.94E-06,,,2065766,,-2.44E-07,2.44E-07,-6.20%,6.20%
13,"[0.4, 0.75, 0.35]",40,3200,8000000,0.125,5,4,11,1413,6.003032555,2.03E-06,3.94E-06,,,2086241,,-1.91E-06,1.91E-06,-48.50%,48.53%
13,"[0.4, 0.75, 0.35]",40,3200,8000000,0.125,5,4,12,1423,5.824223512,9.51E-07,3.94E-06,,,1760984,,-2.99E-06,2.99E-06,-75.90%,75.85%
13,"[0.4, 0.75, 0.35]",40,3200,8000000,0.125,5,4,13,1433,6.13901086,4.92E-06,3.94E-06,,,2361180,,9.79E-07,9.79E-07,24.90%,24.85%
13,"[0.4, 0.75, 0.35]",40,3200,8000000,0.125,5,4,14,1443,6.339816112,3.17E-06,3.94E-06,,,1841773,,-7.69E-07,7.69E-07,-19.50%,19.52%
13,"[0.4, 0.75, 0.35]",40,3200,8000000,0.125,5,4,15,1453,6.030736598,2.73E-07,3.94E-06,,,1418148,,-3.67E-06,3.67E-06,-93.10%,93.07%
14,"[0.4, 0.75, 0.35]",40,3200,8000000,0.15,6,4,1,1313,7.436875845,6.75E-06,3.94E-06,,,2122310,,2.81E-06,2.81E-06,71.30%,71.28%
14,"[0.4, 0.75, 0.35]",40,3200,8000000,0.15,6,4,2,1323,7.590367113,2.33E-06,3.94E-06,,,1752562,,-1.61E-06,1.61E-06,-40.80%,40.81%
14,"[0.4, 0.75, 0.35]",40,3200,8000000,0.15,6,4,3,1333,7.595309616,4.34E-06,3.94E-06,,,2030239,,4.00E-07,4.00E-07,10.20%,10.16%
14,"[0.4, 0.75, 0.35]",40,3200,8000000,0.15,6,4,4,1343,7.570011164,8.76E-07,3.94E-06,,,1371699,,-3.06E-06,3.06E-06,-77.80%,77.76%
14,"[0.4, 0.75, 0.35]",40,3200,8000000,0.15,6,4,5,1353,7.43168977,6.80E-06,3.94E-06,,,2154009,,2.86E-06,2.86E-06,72.50%,72.50%
14,"[0.4, 0.75, 0.35]",40,3200,8000000,0.15,6,4,6,1363,7.998444976,2.45E-06,3.94E-06,,,1899496,,-1.49E-06,1.49E-06,-37.90%,37.87%
14,"[0.4, 0.75, 0.35]",40,3200,8000000,0.15,6,4,7,1373,7.736735697,2.43E-06,3.94E-06,,,1803585,,-1.51E-06,1.51E-06,-38.30%,38.26%
14,"[0.4, 0.75, 0.35]",40,3200,8000000,0.15,6,4,8,1383,7.624368753,1.17E-05,3.94E-06,,,2721535,,7.71E-06,7.71E-06,195.80%,195.77%
14,"[0.4, 0.75, 0.35]",40,3200,8000000,0.15,6,4,9,1393,7.77421135,6.44E-06,3.94E-06,,,2324282,,2.50E-06,2.50E-06,63.40%,63.43%
14,"[0.4, 0.75, 0.35]",40,3200,8000000,0.15,6,4,10,1403,7.551118978,8.34E-06,3.94E-06,,,2842408,,4.40E-06,4.40E-06,111.60%,111.59%
14,"[0.4, 0.75, 0.35]",40,3200,8000000,0.15,6,4,11,1413,7.678032371,8.81E-07,3.94E-06,,,1604461,,-3.06E-06,3.06E-06,-77.70%,77.65%
14,"[0.4, 0.75, 0.35]",40,3200,8000000,0.15,6,4,12,1423,7.609079143,1.79E-07,3.94E-06,,,1265762,,-3.76E-06,3.76E-06,-95.40%,95.45%
14,"[0.4, 0.75, 0.35]",40,3200,8000000,0.15,6,4,13,1433,7.512162877,1.02E-06,3.94E-06,,,1442606,,-2.92E-06,2.92E-06,-74.00%,73.99%
14,"[0.4, 0.75, 0.35]",40,3200,8000000,0.15,6,4,14,1443,7.650614578,5.46E-06,3.94E-06,,,2206589,,1.52E-06,1.52E-06,38.70%,38.65%
14,"[0.4, 0.75, 0.35]",40,3200,8000000,0.15,6,4,15,1453,7.768344274,5.70E-06,3.94E-06,,,2687027,,1.76E-06,1.76E-06,44.80%,44.75%
15,"[0.4, 0.75, 0.35]",40,3200,8000000,0.175,7,4,1,1313,9.590810231,3.18E-06,3.94E-06,,,2339255,,-7.61E-07,7.61E-07,-19.30%,19.30%
15,"[0.4, 0.75, 0.35]",40,3200,8000000,0.175,7,4,2,1323,10.01165781,9.44E-06,3.94E-06,,,3730694,,5.50E-06,5.50E-06,139.50%,139.54%
15,"[0.4, 0.75, 0.35]",40,3200,8000000,0.175,7,4,3,1333,10.21508658,8.84E-07,3.94E-06,,,1589878,,-3.06E-06,3.06E-06,-77.60%,77.57%
15,"[0.4, 0.75, 0.35]",40,3200,8000000,0.175,7,4,4,1343,9.76819442,1.41E-06,3.94E-06,,,1856611,,-2.53E-06,2.53E-06,-64.20%,64.24%
15,"[0.4, 0.75, 0.35]",40,3200,8000000,0.175,7,4,5,1353,10.17634164,3.32E-06,3.94E-06,,,2582705,,-6.21E-07,6.21E-07,-15.80%,15.76%
15,"[0.4, 0.75, 0.35]",40,3200,8000000,0.175,7,4,6,1363,10.18833473,5.56E-07,3.94E-06,,,1729916,,-3.38E-06,3.38E-06,-85.90%,85.90%
15,"[0.4, 0.75, 0.35]",40,3200,8000000,0.175,7,4,7,1373,9.573636616,2.87E-06,3.94E-06,,,2659362,,-1.07E-06,1.07E-06,-27.20%,27.20%
15,"[0.4, 0.75, 0.35]",40,3200,8000000,0.175,7,4,8,1383,10.02119525,4.36E-06,3.94E-06,,,2732844,,4.23E-07,4.23E-07,10.70%,10.72%
15,"[0.4, 0.75, 0.35]",40,3200,8000000,0.175,7,4,9,1393,10.57975689,1.54E-06,3.94E-06,,,1623199,,-2.40E-06,2.40E-06,-60.90%,60.88%
15,"[0.4, 0.75, 0.35]",40,3200,8000000,0.175,7,4,10,1403,9.738998073,2.05E-06,3.94E-06,,,1801922,,-1.89E-06,1.89E-06,-48.00%,47.96%
15,"[0.4, 0.75, 0.35]",40,3200,8000000,0.175,7,4,11,1413,9.892938429,3.85E-06,3.94E-06,,,2310612,,-8.94E-08,8.94E-08,-2.30%,2.27%
15,"[0.4, 0.75, 0.35]",40,3200,8000000,0.175,7,4,12,1423,9.65849623,3.78E-06,3.94E-06,,,1981129,,-1.57E-07,1.57E-07,-4.00%,3.99%
15,"[0.4, 0.75, 0.35]",40,3200,8000000,0.175,7,4,13,1433,10.26983478,7.70E-06,3.94E-06,,,2674769,,3.76E-06,3.76E-06,95.30%,95.35%
15,"[0.4, 0.75, 0.35]",40,3200,8000000,0.175,7,4,14,1443,9.987867689,2.58E-06,3.94E-06,,,2125569,,-1.36E-06,1.36E-06,-34.40%,34.43%
15,"[0.4, 0.75, 0.35]",40,3200,8000000,0.175,7,4,15,1453,9.406603281,2.78E-06,3.94E-06,,,2636469,,-1.16E-06,1.16E-06,-29.40%,29.42%
16,"[0.4, 0.75, 0.35]",40,3200,8000000,0.2,8,4,1,1313,12.81217256,1.41E-06,3.94E-06,,,1866522,,-2.53E-06,2.53E-06,-64.30%,64.28%
16,"[0.4, 0.75, 0.35]",40,3200,8000000,0.2,8,4,2,1323,13.21031828,5.52E-07,3.94E-06,,,1768811,,-3.39E-06,3.39E-06,-86.00%,86.00%
16,"[0.4, 0.75, 0.35]",40,3200,8000000,0.2,8,4,3,1333,13.06191708,4.46E-06,3.94E-06,,,2488989,,5.21E-07,5.21E-07,13.20%,13.23%
16,"[0.4, 0.75, 0.35]",40,3200,8000000,0.2,8,4,4,1343,13.39314493,6.12E-07,3.94E-06,,,1955317,,-3.33E-06,3.33E-06,-84.50%,84.48%
16,"[0.4, 0.75, 0.35]",40,3200,8000000,0.2,8,4,5,1353,13.23170451,4.59E-07,3.94E-06,,,1659765,,-3.48E-06,3.48E-06,-88.30%,88.34%
16,"[0.4, 0.75, 0.35]",40,3200,8000000,0.2,8,4,6,1363,13.29943582,7.83E-07,3.94E-06,,,2018728,,-3.16E-06,3.16E-06,-80.10%,80.13%
16,"[0.4, 0.75, 0.35]",40,3200,8000000,0.2,8,4,7,1373,13.18853381,7.97E-06,3.94E-06,,,3647314,,4.03E-06,4.03E-06,102.30%,102.29%
16,"[0.4, 0.75, 0.35]",40,3200,8000000,0.2,8,4,8,1383,13.31982976,6.63E-06,3.94E-06,,,3071175,,2.69E-06,2.69E-06,68.20%,68.20%
16,"[0.4, 0.75, 0.35]",40,3200,8000000,0.2,8,4,9,1393,12.75878731,5.02E-06,3.94E-06,,,2322242,,1.08E-06,1.08E-06,27.50%,27.50%
16,"[0.4, 0.75, 0.35]",40,3200,8000000,0.2,8,4,10,1403,13.60945551,8.96E-06,3.94E-06,,,3337277,,5.02E-06,5.02E-06,127.50%,127.49%
16,"[0.4, 0.75, 0.35]",40,3200,8000000,0.2,8,4,11,1413,12.84557944,2.92E-06,3.94E-06,,,2463502,,-1.02E-06,1.02E-06,-25.80%,25.81%
16,"[0.4, 0.75, 0.35]",40,3200,8000000,0.2,8,4,12,1423,13.74230391,4.79E-06,3.94E-06,,,1951382,,8.49E-07,8.49E-07,21.60%,21.56%
16,"[0.4, 0.75, 0.35]",40,3200,8000000,0.2,8,4,13,1433,12.74303782,4.75E-06,3.94E-06,,,2848234,,8.11E-07,8.11E-07,20.60%,20.58%
16,"[0.4, 0.75, 0.35]",40,3200,8000000,0.2,8,4,14,1443,13.51685279,1.64E-06,3.94E-06,,,1931401,,-2.30E-06,2.30E-06,-58.40%,58.38%
16,"[0.4, 0.75, 0.35]",40,3200,8000000,0.2,8,4,15,1453,13.54512758,1.58E-06,3.94E-06,,,2029637,,-2.36E-06,2.36E-06,-59.90%,59.88%
3,"[0.4, 0.75, 0.35]",40,3200,800000,0.3,12,3,1,1313,43.1,2.48E-06,3.94E-06,1521.9,0.001,2962490,944962.3,-1.46E-06,0.00000146,-37.10%,37.06%
3,"[0.4, 0.75, 0.35]",40,3200,800000,0.3,12,3,2,1323,38.2,1.33E-06,3.94E-06,1554.4,0.001,2782753,889301.3,-2.61E-06,0.00000261,-66.20%,66.24%
3,"[0.4, 0.75, 0.35]",40,3200,800000,0.3,12,3,3,1333,38.6,1.53E-06,3.94E-06,1983.5,0.002,2775218,887758.5,-2.41E-06,0.00000241,-61.20%,61.17%
3,"[0.4, 0.75, 0.35]",40,3200,800000,0.3,12,3,4,1343,38.3,2.22E-06,3.94E-06,1503.3,0.001,3205626,1018597.7,-1.72E-06,0.00000172,-43.70%,43.65%
3,"[0.4, 0.75, 0.35]",40,3200,800000,0.3,12,3,5,1353,40.1,1.90E-06,3.94E-06,1713.9,0.001,2916126,930595.3,-2.04E-06,0.00000204,-51.80%,51.78%
3,"[0.4, 0.75, 0.35]",40,3200,800000,0.3,12,3,6,1363,37.8,2.03E-06,3.94E-06,1792.4,0.002,2848094,908135.2,-1.91E-06,0.00000191,-48.50%,48.48%
3,"[0.4, 0.75, 0.35]",40,3200,800000,0.3,12,3,7,1373,41.9,4.82E-06,3.94E-06,1449.3,0.001,3395950,1077749.8,8.80E-07,8.80E-07,22.30%,22.34%
3,"[0.4, 0.75, 0.35]",40,3200,800000,0.3,12,3,8,1383,40.6,3.27E-06,3.94E-06,1652.7,0.001,3372577,1069831.9,-6.70E-07,0.00000067,-17.00%,17.01%
3,"[0.4, 0.75, 0.35]",40,3200,800000,0.3,12,3,9,1393,42.9,4.57E-06,3.94E-06,1711.6,0.001,3355018,1068417.5,6.30E-07,0.00000063,16.00%,15.99%
3,"[0.4, 0.75, 0.35]",40,3200,800000,0.3,12,3,10,1403,40,3.57E-06,3.94E-06,1940.3,0.002,3463764,1097895.1,-3.70E-07,0.00000037,-9.40%,9.39%
3,"[0.4, 0.75, 0.35]",40,3200,800000,0.3,12,3,11,1413,39.4,7.34E-06,3.94E-06,1753.2,0.002,3626490,1147196.9,3.40E-06,0.0000034,86.30%,86.29%
3,"[0.4, 0.75, 0.35]",40,3200,800000,0.3,12,3,12,1423,39.9,7.61E-06,3.94E-06,1478.4,0.001,3768931,1191082.8,3.67E-06,0.00000367,93.10%,93.15%
3,"[0.4, 0.75, 0.35]",40,3200,800000,0.3,12,3,13,1433,39.8,3.15E-06,3.94E-06,1571.3,0.001,2710159,866825.7,-7.90E-07,0.00000079,-20.10%,20.05%
3,"[0.4, 0.75, 0.35]",40,3200,800000,0.3,12,3,14,1443,42.5,3.06E-06,3.94E-06,2254.8,0.002,3101503,988084.1,-8.80E-07,0.00000088,-22.30%,22.34%
3,"[0.4, 0.75, 0.35]",40,3200,800000,0.3,12,3,15,1453,39.7,1.40E-06,3.94E-06,1864,0.002,3157152,1002607.5,-2.54E-06,0.00000254,-64.50%,64.47%
4,"[0.4, 0.75, 0.35]",40,3200,800000,0.4,16,3,1,1313,125.8,3.76E-06,3.94E-06,5751.2,0.005,6468248,2112901,-1.80E-07,0.00000018,-4.60%,4.57%
4,"[0.4, 0.75, 0.35]",40,3200,800000,0.4,16,3,2,1323,128.7,2.65E-06,3.94E-06,6346.5,0.006,7330214,2371979,-1.29E-06,0.00000129,-32.70%,32.74%
4,"[0.4, 0.75, 0.35]",40,3200,800000,0.4,16,3,3,1333,126.6,3.90E-06,3.94E-06,4962.4,0.004,6242530,2038247.6,-4.00E-08,4.00E-08,-1.00%,1.02%
4,"[0.4, 0.75, 0.35]",40,3200,800000,0.4,16,3,4,1343,122.5,5.54E-06,3.94E-06,8495.6,0.007,6466216,2102434.3,1.60E-06,0.0000016,40.60%,40.61%
4,"[0.4, 0.75, 0.35]",40,3200,800000,0.4,16,3,5,1353,127.8,3.73E-06,3.94E-06,5733.4,0.005,6502483,2118662.8,-2.10E-07,2.10E-07,-5.30%,5.33%
4,"[0.4, 0.75, 0.35]",40,3200,800000,0.4,16,3,6,1363,107.1,6.18E-06,3.94E-06,6453.9,0.006,7252090,2344262.6,2.24E-06,0.00000224,56.90%,56.85%
4,"[0.4, 0.75, 0.35]",40,3200,800000,0.4,16,3,7,1373,127.1,6.14E-06,3.94E-06,6883.4,0.006,6799774,2210044,2.20E-06,0.0000022,55.80%,55.84%
4,"[0.4, 0.75, 0.35]",40,3200,800000,0.4,16,3,8,1383,129.1,2.89E-06,3.94E-06,6515.6,0.006,6620816,2161250.3,-1.05E-06,0.00000105,-26.60%,26.65%
4,"[0.4, 0.75, 0.35]",40,3200,800000,0.4,16,3,9,1393,131.9,3.36E-06,3.94E-06,6234.8,0.005,6033590,1973405,-5.80E-07,0.00000058,-14.70%,14.72%
4,"[0.4, 0.75, 0.35]",40,3200,800000,0.4,16,3,10,1403,137,4.81E-06,3.94E-06,5566,0.005,6739888,2194348.5,8.70E-07,8.70E-07,22.10%,22.08%
4,"[0.4, 0.75, 0.35]",40,3200,800000,0.4,16,3,11,1413,137.1,6.40E-06,3.94E-06,6831.8,0.006,6802459,2214130.1,2.46E-06,0.00000246,62.40%,62.44%
4,"[0.4, 0.75, 0.35]",40,3200,800000,0.4,16,3,12,1423,127.2,6.15E-06,3.94E-06,8545.4,0.007,7946045,2562965.8,2.21E-06,0.00000221,56.10%,56.09%
4,"[0.4, 0.75, 0.35]",40,3200,800000,0.4,16,3,13,1433,119.6,3.91E-06,3.94E-06,5926.3,0.005,6091792,1990716.2,-3.00E-08,3.00E-08,-0.80%,0.76%
4,"[0.4, 0.75, 0.35]",40,3200,800000,0.4,16,3,14,1443,123.1,4.76E-06,3.94E-06,5525.9,0.005,6542300,2126158.6,8.20E-07,0.00000082,20.80%,20.81%
4,"[0.4, 0.75, 0.35]",40,3200,800000,0.4,16,3,15,1453,127.4,2.91E-06,3.94E-06,6703.6,0.006,6435887,2094561.7,-1.03E-06,0.00000103,-26.10%,26.14%
5,"[0.4, 0.75, 0.35]",40,3200,800000,0.5,20,2,1,1313,399.4,3.76E-06,3.94E-06,23241.9,0.02,13104165,4330761.2,-1.80E-07,0.00000018,-4.60%,4.57%
5,"[0.4, 0.75, 0.35]",40,3200,800000,0.5,20,2,2,1323,412.5,3.95E-06,3.94E-06,20803.1,0.018,13170736,4346156.3,1.00E-08,1.00E-08,0.30%,0.25%
5,"[0.4, 0.75, 0.35]",40,3200,800000,0.5,20,2,3,1333,429.2,4.68E-06,3.94E-06,23196.5,0.02,14219979,4670955.7,7.40E-07,0.00000074,18.80%,18.78%
5,"[0.4, 0.75, 0.35]",40,3200,800000,0.5,20,2,4,1343,395.4,7.18E-06,3.94E-06,20779.3,0.018,14756957,4833808.3,3.24E-06,0.00000324,82.20%,82.23%
5,"[0.4, 0.75, 0.35]",40,3200,800000,0.5,20,2,5,1353,387.9,3.85E-06,3.94E-06,17760.1,0.016,13046499,4295143.6,-9.00E-08,0.00000009,-2.30%,2.28%
5,"[0.4, 0.75, 0.35]",40,3200,800000,0.5,20,2,6,1363,403.5,1.22E-06,3.94E-06,21126.3,0.018,12175879,4034162.8,-2.72E-06,0.00000272,-69.00%,69.04%
5,"[0.4, 0.75, 0.35]",40,3200,800000,0.5,20,2,7,1373,406,4.20E-06,3.94E-06,19645.9,0.017,12800975,4230491.5,2.60E-07,2.60E-07,6.60%,6.60%
5,"[0.4, 0.75, 0.35]",40,3200,800000,0.5,20,2,8,1383,415.4,5.29E-06,3.94E-06,21799.9,0.019,13947375,4584217.7,1.35E-06,0.00000135,34.30%,34.26%
5,"[0.4, 0.75, 0.35]",40,3200,800000,0.5,20,2,9,1393,369.5,5.09E-06,3.94E-06,15966.4,0.014,13012716,4297635.3,1.15E-06,0.00000115,29.20%,29.19%
5,"[0.4, 0.75, 0.35]",40,3200,800000,0.5,20,2,10,1403,426,4.03E-06,3.94E-06,18101.2,0.016,13465524,4448002.6,9.00E-08,0.00000009,2.30%,2.28%
5,"[0.4, 0.75, 0.35]",40,3200,800000,0.5,20,2,11,1413,415.3,1.96E-06,3.94E-06,17267.2,0.015,12731425,4208302.8,-1.98E-06,0.00000198,-50.30%,50.25%
5,"[0.4, 0.75, 0.35]",40,3200,800000,0.5,20,2,12,1423,452.3,5.42E-06,3.94E-06,17307.8,0.015,14226889,4675860.6,1.48E-06,0.00000148,37.60%,37.56%
5,"[0.4, 0.75, 0.35]",40,3200,800000,0.5,20,2,13,1433,392.1,2.16E-06,3.94E-06,15105.8,0.013,13157651,4346677.5,-1.78E-06,0.00000178,-45.20%,45.18%
5,"[0.4, 0.75, 0.35]",40,3200,800000,0.5,20,2,14,1443,380.8,4.89E-06,3.94E-06,15845.3,0.014,13526323,4430324.1,9.50E-07,9.50E-07,24.10%,24.11%
5,"[0.4, 0.75, 0.35]",40,3200,800000,0.5,20,2,15,1453,395.9,4.36E-06,3.94E-06,19563.7,0.017,12591693,4159886.7,4.20E-07,4.20E-07,10.70%,10.66%
6,"[0.4, 0.75, 0.35]",40,3200,800000,0.6,24,1,1,1313,1179.8,6.02E-06,3.94E-06,56280.1,0.049,25733059,8507702.8,2.08E-06,0.00000208,52.80%,52.79%
6,"[0.4, 0.75, 0.35]",40,3200,800000,0.6,24,1,2,1323,1195.1,3.97E-06,3.94E-06,50015.6,0.044,25675397,8521577,3.00E-08,3.00E-08,0.80%,0.76%
6,"[0.4, 0.75, 0.35]",40,3200,800000,0.6,24,1,3,1333,1238.8,3.30E-06,3.94E-06,48005.7,0.042,25329059,8397229.8,-6.40E-07,0.00000064,-16.20%,16.24%
6,"[0.4, 0.75, 0.35]",40,3200,800000,0.6,24,1,4,1343,1286.3,2.71E-06,3.94E-06,42799.9,0.037,25662919,8526803.1,-1.23E-06,0.00000123,-31.20%,31.22%
6,"[0.4, 0.75, 0.35]",40,3200,800000,0.6,24,1,5,1353,1246.7,2.36E-06,3.94E-06,47869.9,0.042,24631559,8183183.2,-1.58E-06,0.00000158,-40.10%,40.10%
6,"[0.4, 0.75, 0.35]",40,3200,800000,0.6,24,1,6,1363,1303,2.29E-06,3.94E-06,53323.2,0.047,25102580,8335910.9,-1.65E-06,0.00000165,-41.90%,41.88%
6,"[0.4, 0.75, 0.35]",40,3200,800000,0.6,24,1,7,1373,1362,4.77E-06,3.94E-06,53521.1,0.047,26881043,8898855,8.30E-07,0.00000083,21.10%,21.07%
6,"[0.4, 0.75, 0.35]",40,3200,800000,0.6,24,1,8,1383,1256.8,3.36E-06,3.94E-06,57805.8,0.051,26901040,8925385.8,-5.80E-07,0.00000058,-14.70%,14.72%
6,"[0.4, 0.75, 0.35]",40,3200,800000,0.6,24,1,9,1393,1215.1,3.75E-06,3.94E-06,45979.8,0.04,24056893,7988128.1,-1.90E-07,0.00000019,-4.80%,4.82%
6,"[0.4, 0.75, 0.35]",40,3200,800000,0.6,24,1,10,1403,1273.8,2.82E-06,3.94E-06,54403.7,0.048,26157389,8671588.8,-1.12E-06,0.00000112,-28.40%,28.43%
6,"[0.4, 0.75, 0.35]",40,3200,800000,0.6,24,1,11,1413,1386.4,3.98E-06,3.94E-06,54846,0.048,25486700,8452825.4,4.00E-08,4.00E-08,1.00%,1.02%
6,"[0.4, 0.75, 0.35]",40,3200,800000,0.6,24,1,12,1423,1208.1,1.97E-06,3.94E-06,66693.3,0.058,23985462,7968351.7,-1.97E-06,0.00000197,-50.00%,50.00%
6,"[0.4, 0.75, 0.35]",40,3200,800000,0.6,24,1,13,1433,1245.6,3.33E-06,3.94E-06,66264,0.058,25278718,8382506.2,-6.10E-07,6.10E-07,-15.50%,15.48%
6,"[0.4, 0.75, 0.35]",40,3200,800000,0.6,24,1,14,1443,1265.1,3.58E-06,3.94E-06,55344.1,0.048,25770908,8543096.7,-3.60E-07,0.00000036,-9.10%,9.14%
6,"[0.4, 0.75, 0.35]",40,3200,800000,0.6,24,1,15,1453,1288.7,4.84E-06,3.94E-06,51343,0.045,26919624,8926537.8,9.00E-07,0.0000009,22.80%,22.84%
7,"[0.4, 0.75, 0.35]",40,3200,800000,0.7,28,1,1,1313,3723.6,4.60E-06,3.94E-06,179861.5,0.157,72613925,24168076.8,6.60E-07,0.00000066,16.80%,16.75%
7,"[0.4, 0.75, 0.35]",40,3200,800000,0.7,28,1,2,1323,3851.2,3.24E-06,3.94E-06,203898.1,0.178,76511022,25449440.9,-7.00E-07,0.0000007,-17.80%,17.77%
7,"[0.4, 0.75, 0.35]",40,3200,800000,0.7,28,1,3,1333,4216.9,4.47E-06,3.94E-06,205778,0.18,80139269,26684100.5,5.30E-07,0.00000053,13.50%,13.45%
7,"[0.4, 0.75, 0.35]",40,3200,800000,0.7,28,1,4,1343,3775.4,3.41E-06,3.94E-06,126364.4,0.111,76386984,25414231.6,-5.30E-07,0.00000053,-13.50%,13.45%
7,"[0.4, 0.75, 0.35]",40,3200,800000,0.7,28,1,5,1353,4400.4,3.27E-06,3.94E-06,189063.5,0.165,82386230,27439807,-6.70E-07,0.00000067,-17.00%,17.01%
7,"[0.4, 0.75, 0.35]",40,3200,800000,0.7,28,1,6,1363,3495.1,5.05E-06,3.94E-06,188371.2,0.165,71315657,23737168.4,1.11E-06,0.00000111,28.20%,28.17%
7,"[0.4, 0.75, 0.35]",40,3200,800000,0.7,28,1,7,1373,4215,4.03E-06,3.94E-06,210502.1,0.184,81725744,27190692.5,9.00E-08,0.00000009,2.30%,2.28%
7,"[0.4, 0.75, 0.35]",40,3200,800000,0.7,28,1,8,1383,3648.4,3.87E-06,3.94E-06,145508.3,0.127,77048795,25642180.9,-7.00E-08,7.00E-08,-1.80%,1.78%
7,"[0.4, 0.75, 0.35]",40,3200,800000,0.7,28,1,9,1393,4093.4,4.41E-06,3.94E-06,145170.2,0.127,74582300,24834905.3,4.70E-07,0.00000047,11.90%,11.93%
7,"[0.4, 0.75, 0.35]",40,3200,800000,0.7,28,1,10,1403,4025,3.82E-06,3.94E-06,181886.6,0.159,79556845,26480559.1,-1.20E-07,1.20E-07,-3.00%,3.05%
7,"[0.4, 0.75, 0.35]",40,3200,800000,0.7,28,1,11,1413,3985.6,2.72E-06,3.94E-06,171422.8,0.15,76050503,25312859.6,-1.22E-06,0.00000122,-31.00%,30.96%
7,"[0.4, 0.75, 0.35]",40,3200,800000,0.7,28,1,12,1423,4056.5,3.90E-06,3.94E-06,166271.1,0.145,77168902,25676935.4,-4.00E-08,4.00E-08,-1.00%,1.02%
7,"[0.4, 0.75, 0.35]",40,3200,800000,0.7,28,1,13,1433,4058.9,3.62E-06,3.94E-06,183827.7,0.161,80852381,26910902.4,-3.20E-07,0.00000032,-8.10%,8.12%
7,"[0.4, 0.75, 0.35]",40,3200,800000,0.7,28,1,14,1443,3743.3,3.62E-06,3.94E-06,171779.6,0.15,73695958,24527372.5,-3.20E-07,0.00000032,-8.10%,8.12%
7,"[0.4, 0.75, 0.35]",40,3200,800000,0.7,28,1,15,1453,4369.4,3.19E-06,3.94E-06,168086.1,0.147,81759661,27219611.2,-7.50E-07,0.00000075,-19.00%,19.04%
8,"[0.4, 0.75, 0.35]",40,3200,800000,0.8,32,1,1,1313,11714.1,4.45E-06,3.94E-06,563048.3,0.493,230672221,76877576.8,5.10E-07,5.10E-07,12.90%,12.94%
8,"[0.4, 0.75, 0.35]",40,3200,800000,0.8,32,1,2,1323,13311.9,3.14E-06,3.94E-06,470115.2,0.411,258975585,86292848,-8.00E-07,0.0000008,-20.30%,20.30%
8,"[0.4, 0.75, 0.35]",40,3200,800000,0.8,32,1,3,1333,12141.5,3.58E-06,3.94E-06,618899,0.542,240730014,80209476.6,-3.60E-07,0.00000036,-9.10%,9.14%
8,"[0.4, 0.75, 0.35]",40,3200,800000,0.8,32,1,4,1343,13149.2,3.70E-06,3.94E-06,545988.3,0.478,239870457,79937191,-2.40E-07,0.00000024,-6.10%,6.09%
