,K,nparticles,nmeantimes,buffer_size_activation,buffer_size_activation_value,rep,seed,integral,E(T),PMC(K),PFV1(K),PFV2(K),Pr(K),Error(MC),Error(FV)
1,5,100,30,0.2,1,1,1717,0.350344913,4.484922254,11.25%,7.81%,0.200754442,12.0%,-0.74%,-4.18%
2,5,100,30,0.2,1,2,1718,0.35757746,4.3806914,11.01%,8.16%,0.187112352,12.0%,-0.98%,-3.82%
3,5,100,30,0.2,1,3,1719,0.383828295,4.588221358,11.67%,8.37%,0.163761536,12.0%,-0.31%,-3.62%
4,5,100,30,0.2,1,4,1720,0.372288681,4.620632501,10.60%,8.06%,0.226538312,12.0%,-1.39%,-3.93%
5,5,100,30,0.2,1,5,1721,0.389599154,4.167273278,10.28%,9.35%,0.234513259,12.0%,-1.71%,-2.64%
6,5,100,30,0.2,1,6,1722,0.369727841,4.368196463,10.89%,8.46%,0.241654221,12.0%,-1.10%,-3.52%
7,5,100,30,0.2,1,7,1723,0.450266421,4.274406436,10.64%,10.53%,0.247852359,12.0%,-1.35%,-1.45%
8,5,100,30,0.2,1,8,1724,0.375767408,4.162467955,11.18%,9.03%,0.250830601,12.0%,-0.81%,-2.96%
9,5,200,30,0.2,1,1,1717,0.466110398,4.389809985,11.11%,10.62%,0.215406787,12.0%,-0.88%,-1.37%
10,5,200,30,0.2,1,2,1718,0.394027339,4.379484396,10.76%,9.00%,0.226626889,12.0%,-1.22%,-2.99%
11,5,200,30,0.2,1,3,1719,0.396027081,4.351521118,10.64%,9.10%,0.224512178,12.0%,-1.35%,-2.89%
12,5,200,30,0.2,1,4,1720,0.401238126,4.409584014,10.41%,9.10%,0.190086394,12.0%,-1.58%,-2.89%
13,5,200,30,0.2,1,5,1721,0.382614557,4.533760984,10.95%,8.44%,0.210721738,12.0%,-1.04%,-3.55%
14,5,200,30,0.2,1,6,1722,0.403542376,4.134775126,10.91%,9.76%,0.23883401,12.0%,-1.07%,-2.23%
15,5,200,30,0.2,1,7,1723,0.44288249,4.307010596,11.16%,10.28%,0.221862946,12.0%,-0.83%,-1.70%
16,5,200,30,0.2,1,8,1724,0.411673796,4.352434525,11.05%,9.46%,0.21103463,12.0%,-0.94%,-2.53%
17,5,400,30,0.2,1,1,1717,0.41916536,4.420669731,10.76%,9.48%,0.234438644,12.0%,-1.23%,-2.51%
18,5,400,30,0.2,1,2,1718,0.391651497,4.327725964,10.68%,9.05%,0.199714651,12.0%,-1.30%,-2.94%
19,5,400,30,0.2,1,3,1719,0.385538736,4.392615157,10.63%,8.78%,0.200923981,12.0%,-1.36%,-3.21%
20,5,400,30,0.2,1,4,1720,0.377764447,4.268760407,10.53%,8.85%,0.213675824,12.0%,-1.45%,-3.14%
21,5,400,30,0.2,1,5,1721,0.430707851,4.43332989,11.64%,9.72%,0.212689187,12.0%,-0.35%,-2.27%
22,5,400,30,0.2,1,6,1722,0.460282762,4.393213594,11.21%,10.48%,0.221051849,12.0%,-0.78%,-1.51%
23,5,400,30,0.2,1,7,1723,0.443015162,4.356329427,11.04%,10.17%,0.198990808,12.0%,-0.95%,-1.82%
24,5,400,30,0.2,1,8,1724,0.40516555,4.297270444,11.22%,9.43%,0.232371008,12.0%,-0.76%,-2.56%
25,5,100,30,0.3,1,1,1717,0.350344913,4.484922254,11.25%,7.81%,0.200754442,12.0%,-0.74%,-4.18%
26,5,100,30,0.3,1,2,1718,0.35757746,4.3806914,11.01%,8.16%,0.187112352,12.0%,-0.98%,-3.82%
27,5,100,30,0.3,1,3,1719,0.383828295,4.588221358,11.67%,8.37%,0.163761536,12.0%,-0.31%,-3.62%
28,5,100,30,0.3,1,4,1720,0.372288681,4.620632501,10.60%,8.06%,0.226538312,12.0%,-1.39%,-3.93%
29,5,100,30,0.3,1,5,1721,0.389599154,4.167273278,10.28%,9.35%,0.234513259,12.0%,-1.71%,-2.64%
30,5,100,30,0.3,1,6,1722,0.369727841,4.368196463,10.89%,8.46%,0.241654221,12.0%,-1.10%,-3.52%
31,5,100,30,0.3,1,7,1723,0.450266421,4.274406436,10.64%,10.53%,0.247852359,12.0%,-1.35%,-1.45%
32,5,100,30,0.3,1,8,1724,0.375767408,4.162467955,11.18%,9.03%,0.250830601,12.0%,-0.81%,-2.96%
33,5,200,30,0.3,1,1,1717,0.466110398,4.389809985,11.11%,10.62%,0.215406787,12.0%,-0.88%,-1.37%
34,5,200,30,0.3,1,2,1718,0.394027339,4.379484396,10.76%,9.00%,0.226626889,12.0%,-1.22%,-2.99%
35,5,200,30,0.3,1,3,1719,0.396027081,4.351521118,10.64%,9.10%,0.224512178,12.0%,-1.35%,-2.89%
36,5,200,30,0.3,1,4,1720,0.401238126,4.409584014,10.41%,9.10%,0.190086394,12.0%,-1.58%,-2.89%
37,5,200,30,0.3,1,5,1721,0.382614557,4.533760984,10.95%,8.44%,0.210721738,12.0%,-1.04%,-3.55%
38,5,200,30,0.3,1,6,1722,0.403542376,4.134775126,10.91%,9.76%,0.23883401,12.0%,-1.07%,-2.23%
39,5,200,30,0.3,1,7,1723,0.44288249,4.307010596,11.16%,10.28%,0.221862946,12.0%,-0.83%,-1.70%
40,5,200,30,0.3,1,8,1724,0.411673796,4.352434525,11.05%,9.46%,0.21103463,12.0%,-0.94%,-2.53%
41,5,400,30,0.3,1,1,1717,0.41916536,4.420669731,10.76%,9.48%,0.234438644,12.0%,-1.23%,-2.51%
42,5,400,30,0.3,1,2,1718,0.391651497,4.327725964,10.68%,9.05%,0.199714651,12.0%,-1.30%,-2.94%
43,5,400,30,0.3,1,3,1719,0.385538736,4.392615157,10.63%,8.78%,0.200923981,12.0%,-1.36%,-3.21%
44,5,400,30,0.3,1,4,1720,0.377764447,4.268760407,10.53%,8.85%,0.213675824,12.0%,-1.45%,-3.14%
45,5,400,30,0.3,1,5,1721,0.430707851,4.43332989,11.64%,9.72%,0.212689187,12.0%,-0.35%,-2.27%
46,5,400,30,0.3,1,6,1722,0.460282762,4.393213594,11.21%,10.48%,0.221051849,12.0%,-0.78%,-1.51%
47,5,400,30,0.3,1,7,1723,0.443015162,4.356329427,11.04%,10.17%,0.198990808,12.0%,-0.95%,-1.82%
48,5,400,30,0.3,1,8,1724,0.40516555,4.297270444,11.22%,9.43%,0.232371008,12.0%,-0.76%,-2.56%
49,5,100,30,0.4,2,1,1717,0.324999925,3.000451292,11.26%,10.83%,0.392961683,12.0%,-0.73%,-1.16%
50,5,100,30,0.4,2,2,1718,0.382316638,3.083470779,11.46%,12.40%,0.394613739,12.0%,-0.53%,0.41%
51,5,100,30,0.4,2,3,1719,0.470429568,3.019939432,11.11%,15.58%,0.441956608,12.0%,-0.87%,3.59%
52,5,100,30,0.4,2,4,1720,0.461143451,3.287593735,12.85%,14.03%,0.390468861,12.0%,0.86%,2.04%
53,5,100,30,0.4,2,5,1721,0.408397861,3.136990266,11.74%,13.02%,0.351417533,12.0%,-0.25%,1.03%
54,5,100,30,0.4,2,6,1722,0.330952475,3.024604825,10.44%,10.94%,0.375646982,12.0%,-1.54%,-1.05%
55,5,100,30,0.4,2,7,1723,0.296119415,2.990851007,9.53%,9.90%,0.364840393,12.0%,-2.46%,-2.09%
56,5,100,30,0.4,2,8,1724,0.45662027,3.050651762,11.40%,14.97%,0.322783706,12.0%,-0.59%,2.98%
57,5,200,30,0.4,2,1,1717,0.364110279,3.093180952,10.39%,11.77%,0.383280957,12.0%,-1.60%,-0.22%
58,5,200,30,0.4,2,2,1718,0.389328277,3.128829587,11.19%,12.44%,0.392417683,12.0%,-0.80%,0.46%
59,5,200,30,0.4,2,3,1719,0.403388185,3.017007377,10.38%,13.37%,0.402880279,12.0%,-1.60%,1.38%
60,5,200,30,0.4,2,4,1720,0.443949005,3.053843229,11.09%,14.54%,0.358226067,12.0%,-0.90%,2.55%
61,5,200,30,0.4,2,5,1721,0.365796432,3.238431173,11.57%,11.30%,0.365855067,12.0%,-0.42%,-0.69%
62,5,200,30,0.4,2,6,1722,0.441947779,3.042102161,11.07%,14.53%,0.38696277,12.0%,-0.92%,2.54%
63,5,200,30,0.4,2,7,1723,0.342503138,3.12188556,11.66%,10.97%,0.340624097,12.0%,-0.33%,-1.02%
64,5,200,30,0.4,2,8,1724,0.425364608,3.049577917,11.68%,13.95%,0.374740161,12.0%,-0.31%,1.96%
65,5,400,30,0.4,2,1,1717,0.332039481,3.137718913,12.05%,10.58%,0.336611815,12.0%,0.07%,-1.41%
66,5,400,30,0.4,2,2,1718,0.395525618,3.119963493,11.37%,12.68%,0.386007764,12.0%,-0.61%,0.69%
67,5,400,30,0.4,2,3,1719,0.350431609,3.110971054,11.66%,11.26%,0.268251068,12.0%,-0.33%,-0.72%
68,5,400,30,0.4,2,4,1720,0.399167256,3.114798611,11.37%,12.82%,0.329236654,12.0%,-0.62%,0.83%
69,5,400,30,0.4,2,5,1721,0.395729429,3.081157144,11.15%,12.84%,0.337098058,12.0%,-0.84%,0.86%
70,5,400,30,0.4,2,6,1722,0.364890212,3.064929462,10.86%,11.91%,0.404308915,12.0%,-1.12%,-0.08%
71,5,400,30,0.4,2,7,1723,0.349240606,3.104179724,11.32%,11.25%,0.40691724,12.0%,-0.67%,-0.74%
72,5,400,30,0.4,2,8,1724,0.380651022,3.089591268,11.55%,12.32%,0.388465249,12.0%,-0.43%,0.33%
73,5,100,30,0.5,2,1,1717,0.324999925,3.000451292,11.26%,10.83%,0.392961683,12.0%,-0.73%,-1.16%
74,5,100,30,0.5,2,2,1718,0.382316638,3.083470779,11.46%,12.40%,0.394613739,12.0%,-0.53%,0.41%
75,5,100,30,0.5,2,3,1719,0.470429568,3.019939432,11.11%,15.58%,0.441956608,12.0%,-0.87%,3.59%
76,5,100,30,0.5,2,4,1720,0.461143451,3.287593735,12.85%,14.03%,0.390468861,12.0%,0.86%,2.04%
77,5,100,30,0.5,2,5,1721,0.408397861,3.136990266,11.74%,13.02%,0.351417533,12.0%,-0.25%,1.03%
78,5,100,30,0.5,2,6,1722,0.330952475,3.024604825,10.44%,10.94%,0.375646982,12.0%,-1.54%,-1.05%
79,5,100,30,0.5,2,7,1723,0.296119415,2.990851007,9.53%,9.90%,0.364840393,12.0%,-2.46%,-2.09%
80,5,100,30,0.5,2,8,1724,0.45662027,3.050651762,11.40%,14.97%,0.322783706,12.0%,-0.59%,2.98%
81,5,200,30,0.5,2,1,1717,0.364110279,3.093180952,10.39%,11.77%,0.383280957,12.0%,-1.60%,-0.22%
82,5,200,30,0.5,2,2,1718,0.389328277,3.128829587,11.19%,12.44%,0.392417683,12.0%,-0.80%,0.46%
83,5,200,30,0.5,2,3,1719,0.403388185,3.017007377,10.38%,13.37%,0.402880279,12.0%,-1.60%,1.38%
84,5,200,30,0.5,2,4,1720,0.443949005,3.053843229,11.09%,14.54%,0.358226067,12.0%,-0.90%,2.55%
85,5,200,30,0.5,2,5,1721,0.365796432,3.238431173,11.57%,11.30%,0.365855067,12.0%,-0.42%,-0.69%
86,5,200,30,0.5,2,6,1722,0.441947779,3.042102161,11.07%,14.53%,0.38696277,12.0%,-0.92%,2.54%
87,5,200,30,0.5,2,7,1723,0.342503138,3.12188556,11.66%,10.97%,0.340624097,12.0%,-0.33%,-1.02%
88,5,200,30,0.5,2,8,1724,0.425364608,3.049577917,11.68%,13.95%,0.374740161,12.0%,-0.31%,1.96%
89,5,400,30,0.5,2,1,1717,0.332039481,3.137718913,12.05%,10.58%,0.336611815,12.0%,0.07%,-1.41%
90,5,400,30,0.5,2,2,1718,0.395525618,3.119963493,11.37%,12.68%,0.386007764,12.0%,-0.61%,0.69%
91,5,400,30,0.5,2,3,1719,0.350431609,3.110971054,11.66%,11.26%,0.268251068,12.0%,-0.33%,-0.72%
92,5,400,30,0.5,2,4,1720,0.399167256,3.114798611,11.37%,12.82%,0.329236654,12.0%,-0.62%,0.83%
93,5,400,30,0.5,2,5,1721,0.395729429,3.081157144,11.15%,12.84%,0.337098058,12.0%,-0.84%,0.86%
94,5,400,30,0.5,2,6,1722,0.364890212,3.064929462,10.86%,11.91%,0.404308915,12.0%,-1.12%,-0.08%
95,5,400,30,0.5,2,7,1723,0.349240606,3.104179724,11.32%,11.25%,0.40691724,12.0%,-0.67%,-0.74%
96,5,400,30,0.5,2,8,1724,0.380651022,3.089591268,11.55%,12.32%,0.388465249,12.0%,-0.43%,0.33%
97,10,100,30,0.2,2,1,1717,0.039123803,3.374023307,1.22%,1.16%,0.095468975,2.4%,-1.13%,-1.19%
98,10,100,30,0.2,2,2,1718,0.04552978,3.75505883,1.18%,1.21%,0.062881027,2.4%,-1.17%,-1.14%
99,10,100,30,0.2,2,3,1719,0.052411535,3.831004042,1.99%,1.37%,0.085426697,2.4%,-0.36%,-0.99%
100,10,100,30,0.2,2,4,1720,0.06801972,3.275027962,0.91%,2.08%,0.095887049,2.4%,-1.45%,-0.28%
101,10,100,30,0.2,2,5,1721,0.078304672,3.49803286,1.82%,2.24%,0.091938043,2.4%,-0.54%,-0.12%
102,10,100,30,0.2,2,6,1722,0.059903178,3.551605256,1.78%,1.69%,0.108103166,2.4%,-0.58%,-0.67%
103,10,100,30,0.2,2,7,1723,0.043004849,3.56159569,2.46%,1.21%,0.084175071,2.4%,0.10%,-1.15%
104,10,100,30,0.2,2,8,1724,0.040560729,3.607197286,1.18%,1.12%,0.075171662,2.4%,-1.18%,-1.23%
105,10,200,30,0.2,2,1,1717,0.038985045,3.46750923,1.32%,1.12%,0.067795662,2.4%,-1.04%,-1.23%
106,10,200,30,0.2,2,2,1718,0.065267266,3.458786765,1.87%,1.89%,0.08742928,2.4%,-0.49%,-0.47%
107,10,200,30,0.2,2,3,1719,0.055742096,3.636415438,1.19%,1.53%,0.086761213,2.4%,-1.16%,-0.82%
108,10,200,30,0.2,2,4,1720,0.062263535,3.545496253,1.30%,1.76%,0.062715292,2.4%,-1.06%,-0.60%
109,10,200,30,0.2,2,5,1721,0.048488587,3.479792616,1.44%,1.39%,0.076209439,2.4%,-0.91%,-0.96%
110,10,200,30,0.2,2,6,1722,0.030576688,3.847587856,1.63%,0.79%,0.061866136,2.4%,-0.73%,-1.56%
111,10,200,30,0.2,2,7,1723,0.048591796,3.838508416,2.02%,1.27%,0.062947979,2.4%,-0.33%,-1.09%
112,10,200,30,0.2,2,8,1724,0.036563933,3.573341958,1.01%,1.02%,0.067372969,2.4%,-1.35%,-1.33%
113,10,400,30,0.2,2,1,1717,0.053008604,3.544094163,1.41%,1.50%,0.066400585,2.4%,-0.95%,-0.86%
114,10,400,30,0.2,2,2,1718,0.057178073,3.592615,1.59%,1.59%,0.063995421,2.4%,-0.76%,-0.76%
115,10,400,30,0.2,2,3,1719,0.044898196,3.612028669,1.48%,1.24%,0.066733966,2.4%,-0.88%,-1.11%
116,10,400,30,0.2,2,4,1720,0.050474823,3.542719544,1.38%,1.42%,0.066857561,2.4%,-0.98%,-0.93%
117,10,400,30,0.2,2,5,1721,0.047037081,3.563717863,1.34%,1.32%,0.071528279,2.4%,-1.02%,-1.03%
118,10,400,30,0.2,2,6,1722,0.045699497,3.708928065,1.80%,1.23%,0.065937109,2.4%,-0.56%,-1.12%
119,10,400,30,0.2,2,7,1723,0.047895697,3.506447573,1.44%,1.37%,0.078737429,2.4%,-0.92%,-0.99%
120,10,400,30,0.2,2,8,1724,0.053203496,3.723124169,1.64%,1.43%,0.067103026,2.4%,-0.72%,-0.92%
121,10,100,30,0.3,3,1,1717,0.044147825,3.54788711,1.47%,1.24%,0.075955212,2.4%,-0.88%,-1.11%
122,10,100,30,0.3,3,2,1718,0.052499216,3.868639646,1.96%,1.36%,0.089868118,2.4%,-0.39%,-1.00%
123,10,100,30,0.3,3,3,1719,0.089076367,3.671995745,2.09%,2.43%,0.129662332,2.4%,-0.26%,0.07%
124,10,100,30,0.3,3,4,1720,0.074854415,3.624542408,1.65%,2.07%,0.108707855,2.4%,-0.71%,-0.29%
125,10,100,30,0.3,3,5,1721,0.068930152,3.271077421,0.73%,2.11%,0.105721604,2.4%,-1.62%,-0.25%
126,10,100,30,0.3,3,6,1722,0.040176792,3.498860811,1.33%,1.15%,0.099674124,2.4%,-1.03%,-1.21%
127,10,100,30,0.3,3,7,1723,0.070367029,3.596066424,2.16%,1.96%,0.120914965,2.4%,-0.20%,-0.40%
128,10,100,30,0.3,3,8,1724,0.068707513,3.617437881,1.42%,1.90%,0.097529606,2.4%,-0.93%,-0.45%
129,10,200,30,0.3,3,1,1717,0.060166487,3.751114663,1.88%,1.60%,0.08986409,2.4%,-0.47%,-0.75%
130,10,200,30,0.3,3,2,1718,0.071361388,3.76523464,1.85%,1.90%,0.106531394,2.4%,-0.50%,-0.46%
131,10,200,30,0.3,3,3,1719,0.072552394,3.644423044,1.81%,1.99%,0.104304469,2.4%,-0.55%,-0.36%
132,10,200,30,0.3,3,4,1720,0.055986217,3.625570015,1.79%,1.54%,0.090069739,2.4%,-0.56%,-0.81%
133,10,200,30,0.3,3,5,1721,0.101478929,3.553869787,1.83%,2.86%,0.130376714,2.4%,-0.52%,0.50%
134,10,200,30,0.3,3,6,1722,0.065534261,3.480719336,1.42%,1.88%,0.118549507,2.4%,-0.93%,-0.47%
135,10,200,30,0.3,3,7,1723,0.064661315,3.576456394,1.48%,1.81%,0.103279435,2.4%,-0.87%,-0.55%
136,10,200,30,0.3,3,8,1724,0.071993206,3.703865453,2.00%,1.94%,0.127757817,2.4%,-0.35%,-0.41%
137,10,400,30,0.3,3,1,1717,0.073743585,3.616708818,1.48%,2.04%,0.105262119,2.4%,-0.88%,-0.32%
138,10,400,30,0.3,3,2,1718,0.08065691,3.538003337,1.28%,2.28%,0.114614284,2.4%,-1.08%,-0.07%
139,10,400,30,0.3,3,3,1719,0.078798217,3.661354062,1.74%,2.15%,0.107625579,2.4%,-0.61%,-0.20%
140,10,400,30,0.3,3,4,1720,0.069165063,3.503990275,1.33%,1.97%,0.11362317,2.4%,-1.02%,-0.38%
141,10,400,30,0.3,3,5,1721,0.082003752,3.592685617,1.50%,2.28%,0.110059338,2.4%,-0.86%,-0.07%
142,10,400,30,0.3,3,6,1722,0.066014186,3.514705396,1.15%,1.88%,0.095123703,2.4%,-1.20%,-0.48%
143,10,400,30,0.3,3,7,1723,0.064612175,3.658941301,1.58%,1.77%,0.094495883,2.4%,-0.77%,-0.59%
144,10,400,30,0.3,3,8,1724,0.080454692,3.789344101,1.73%,2.12%,0.098281618,2.4%,-0.63%,-0.23%
145,10,100,30,0.4,4,1,1717,0.09719962,3.867537036,1.53%,2.51%,0.138831612,2.4%,-0.82%,0.16%
146,10,100,30,0.4,4,2,1718,0.081101036,4.40446468,2.18%,1.84%,0.12136294,2.4%,-0.17%,-0.51%
147,10,100,30,0.4,4,3,1719,0.060550008,4.128437763,1.42%,1.47%,0.116688806,2.4%,-0.94%,-0.89%
148,10,100,30,0.4,4,4,1720,0.096235622,4.190930378,0.92%,2.30%,0.092228321,2.4%,-1.43%,-0.06%
149,10,100,30,0.4,4,5,1721,0.076977811,3.994853738,1.34%,1.93%,0.149280947,2.4%,-1.02%,-0.43%
150,10,100,30,0.4,4,6,1722,0.178025207,4.521670617,2.46%,3.94%,0.168319788,2.4%,0.11%,1.58%
151,10,100,30,0.4,4,7,1723,0.098203949,4.163365897,2.22%,2.36%,0.131389934,2.4%,-0.13%,0.00%
152,10,100,30,0.4,4,8,1724,0.079769948,4.219442969,1.85%,1.89%,0.089528025,2.4%,-0.51%,-0.46%
153,10,200,30,0.4,4,1,1717,0.117362206,4.241404593,1.57%,2.77%,0.115661755,2.4%,-0.78%,0.41%
154,10,200,30,0.4,4,2,1718,0.11302186,4.166371176,2.08%,2.71%,0.117973293,2.4%,-0.27%,0.36%
155,10,200,30,0.4,4,3,1719,0.10091637,4.164653087,1.64%,2.42%,0.125652933,2.4%,-0.72%,0.07%
156,10,200,30,0.4,4,4,1720,0.109281888,4.241931368,1.50%,2.58%,0.137148366,2.4%,-0.85%,0.22%
157,10,200,30,0.4,4,5,1721,0.091510736,4.306095877,1.84%,2.13%,0.140498205,2.4%,-0.51%,-0.23%
158,10,200,30,0.4,4,6,1722,0.122393793,4.318637529,2.22%,2.83%,0.141446829,2.4%,-0.14%,0.48%
159,10,200,30,0.4,4,7,1723,0.089625309,4.029958773,1.65%,2.22%,0.131905043,2.4%,-0.70%,-0.13%
160,10,200,30,0.4,4,8,1724,0.078334006,4.141075732,1.19%,1.89%,0.101582063,2.4%,-1.17%,-0.46%
161,10,400,30,0.4,4,1,1717,0.093542437,4.08243491,1.68%,2.29%,0.123927151,2.4%,-0.67%,-0.06%
162,10,400,30,0.4,4,2,1718,0.092056051,4.27252781,1.75%,2.15%,0.122626011,2.4%,-0.60%,-0.20%
163,10,400,30,0.4,4,3,1719,0.09734819,4.155581808,1.79%,2.34%,0.129278089,2.4%,-0.57%,-0.01%
164,10,400,30,0.4,4,4,1720,0.116152497,4.034002935,1.46%,2.88%,0.143788607,2.4%,-0.89%,0.53%
165,10,400,30,0.4,4,5,1721,0.106897038,4.060531085,2.27%,2.63%,0.140840452,2.4%,-0.08%,0.28%
166,10,400,30,0.4,4,6,1722,0.100299443,4.186485294,1.82%,2.40%,0.128884022,2.4%,-0.54%,0.04%
167,10,400,30,0.4,4,7,1723,0.119228667,4.190897577,1.56%,2.84%,0.128890117,2.4%,-0.80%,0.49%
168,10,400,30,0.4,4,8,1724,0.109656747,4.157716429,1.85%,2.64%,0.12632442,2.4%,-0.51%,0.28%
169,10,100,30,0.5,5,1,1717,0.136506993,4.726255649,1.34%,2.89%,0.172658416,2.4%,-1.02%,0.53%
170,10,100,30,0.5,5,2,1718,0.157576655,4.597860186,2.04%,3.43%,0.124951572,2.4%,-0.32%,1.07%
171,10,100,30,0.5,5,3,1719,0.1560741,4.937854682,2.48%,3.16%,0.157046218,2.4%,0.13%,0.81%
172,10,100,30,0.5,5,4,1720,0.150119941,4.747890524,1.35%,3.16%,0.13902909,2.4%,-1.01%,0.81%
173,10,100,30,0.5,5,5,1721,0.118903434,4.658547888,2.04%,2.55%,0.148032663,2.4%,-0.31%,0.20%
174,10,100,30,0.5,5,6,1722,0.136759755,4.817917536,1.30%,2.84%,0.193517433,2.4%,-1.05%,0.48%
175,10,100,30,0.5,5,7,1723,0.143256293,4.99068881,1.84%,2.87%,0.145864853,2.4%,-0.52%,0.52%
176,10,100,30,0.5,5,8,1724,0.168937917,4.939860701,2.05%,3.42%,0.161020954,2.4%,-0.30%,1.07%
177,10,200,30,0.5,5,1,1717,0.179492171,4.861563213,2.15%,3.69%,0.157029335,2.4%,-0.20%,1.34%
178,10,200,30,0.5,5,2,1718,0.179217159,4.908437012,2.20%,3.65%,0.141307661,2.4%,-0.16%,1.30%
179,10,200,30,0.5,5,3,1719,0.145292977,4.975846904,1.64%,2.92%,0.133820628,2.4%,-0.71%,0.57%
180,10,200,30,0.5,5,4,1720,0.159424369,4.617832457,1.63%,3.45%,0.151004839,2.4%,-0.72%,1.10%
181,10,200,30,0.5,5,5,1721,0.139378333,4.85120943,1.69%,2.87%,0.110402743,2.4%,-0.66%,0.52%
182,10,200,30,0.5,5,6,1722,0.144754649,4.687409155,1.53%,3.09%,0.183921828,2.4%,-0.82%,0.73%
183,10,200,30,0.5,5,7,1723,0.159282684,5.019138266,1.74%,3.17%,0.14563303,2.4%,-0.62%,0.82%
184,10,200,30,0.5,5,8,1724,0.145404153,4.838493841,1.71%,3.01%,0.141238391,2.4%,-0.64%,0.65%
185,10,400,30,0.5,5,1,1717,0.150710975,4.936766415,2.05%,3.05%,0.161708003,2.4%,-0.30%,0.70%
186,10,400,30,0.5,5,2,1718,0.154058693,4.825041244,2.16%,3.19%,0.148547234,2.4%,-0.20%,0.84%
187,10,400,30,0.5,5,3,1719,0.135259979,4.938418678,1.87%,2.74%,0.144801751,2.4%,-0.48%,0.38%
188,10,400,30,0.5,5,4,1720,0.137580213,5.083757413,1.66%,2.71%,0.108699367,2.4%,-0.69%,0.35%
189,10,400,30,0.5,5,5,1721,0.141110407,4.910942343,1.90%,2.87%,0.147728789,2.4%,-0.45%,0.52%
190,10,400,30,0.5,5,6,1722,0.158536364,5.026874426,1.71%,3.15%,0.14942296,2.4%,-0.65%,0.80%
191,10,400,30,0.5,5,7,1723,0.144695233,5.055640969,2.45%,2.86%,0.135448642,2.4%,0.10%,0.51%
192,10,400,30,0.5,5,8,1724,0.160088437,4.927536033,2.04%,3.25%,0.139648609,2.4%,-0.31%,0.89%
193,20,100,30,0.2,4,1,1717,0.000163401,4.184732634,0.15%,0.00%,0,0.1%,0.02%,-0.12%
194,20,100,30,0.2,4,2,1718,0.000237481,4.215597331,0.0450%,0.0056%,0,0.1%,-0.08%,-0.12%
195,20,100,30,0.2,4,3,1719,0.003215252,4.19073188,0.10%,0.08%,3.21E-05,0.1%,-0.03%,-0.05%
196,20,100,30,0.2,4,4,1720,0.000588427,4.054040817,0.06%,0.01%,0,0.1%,-0.07%,-0.11%
197,20,100,30,0.2,4,5,1721,0.001400211,4.040363232,0.00%,0.03%,0,0.1%,-0.12%,-0.09%
198,20,100,30,0.2,4,6,1722,0.001075561,4.225912396,0.00%,0.03%,0,0.1%,-0.12%,-0.10%
199,20,100,30,0.2,4,7,1723,0.001098015,4.153511058,0.00%,0.03%,0,0.1%,-0.12%,-0.10%
200,20,100,30,0.2,4,8,1724,0.001625613,4.004490912,0.01%,0.04%,0,0.1%,-0.12%,-0.08%
201,20,200,30,0.2,4,1,1717,0.00047683,4.156739114,0.00%,0.01%,0,0.1%,-0.12%,-0.11%
202,20,200,30,0.2,4,2,1718,0.000662814,4.348106281,0.0079%,0.0152%,0,0.1%,-0.12%,-0.11%
203,20,200,30,0.2,4,3,1719,0.000887999,4.076492386,0.03%,0.02%,0,0.1%,-0.09%,-0.10%
204,20,200,30,0.2,4,4,1720,0.000962193,4.284505582,0.13%,0.02%,0,0.1%,0.01%,-0.10%
205,20,200,30,0.2,4,5,1721,0.000569974,4.294955266,0.04%,0.01%,0,0.1%,-0.09%,-0.11%
206,20,200,30,0.2,4,6,1722,0.002707199,4.271822005,0.03%,0.06%,0,0.1%,-0.10%,-0.06%
207,20,200,30,0.2,4,7,1723,0.002005843,4.241475988,0.09%,0.05%,0,0.1%,-0.04%,-0.08%
208,20,200,30,0.2,4,8,1724,0.0019373,4.125728445,0.00%,0.05%,0,0.1%,-0.12%,-0.08%
209,20,400,30,0.2,4,1,1717,0.000846279,4.266008284,0.01%,0.02%,0,0.1%,-0.11%,-0.10%
210,20,400,30,0.2,4,2,1718,0.000902752,4.249612781,0.0474%,0.0212%,0,0.1%,-0.08%,-0.10%
211,20,400,30,0.2,4,3,1719,0.001262568,4.223285568,0.04%,0.03%,0,0.1%,-0.08%,-0.09%
212,20,400,30,0.2,4,4,1720,0.001158922,4.302915537,0.03%,0.03%,0,0.1%,-0.10%,-0.10%
213,20,400,30,0.2,4,5,1721,0.000633393,4.057902557,0.02%,0.02%,0,0.1%,-0.11%,-0.11%
214,20,400,30,0.2,4,6,1722,0.000936104,4.27228292,0.05%,0.02%,0,0.1%,-0.08%,-0.10%
215,20,400,30,0.2,4,7,1723,0.000655726,4.286029034,0.11%,0.02%,0,0.1%,-0.01%,-0.11%
216,20,400,30,0.2,4,8,1724,0.000410229,4.226616299,0.04%,0.01%,0,0.1%,-0.09%,-0.11%
217,20,100,30,0.3,6,1,1717,0.000733375,5.86217413,0.05%,0.01%,0,0.1%,-0.08%,-0.11%
218,20,100,30,0.3,6,2,1718,0.005350886,5.988224632,0.0000%,0.0894%,0.001557531,0.1%,-0.12%,-0.04%
219,20,100,30,0.3,6,3,1719,0.003014307,5.818508769,0.00%,0.05%,0,0.1%,-0.12%,-0.07%
220,20,100,30,0.3,6,4,1720,0.001409952,6.070576535,0.01%,0.02%,0,0.1%,-0.11%,-0.10%
221,20,100,30,0.3,6,5,1721,0.003206555,5.66381516,0.05%,0.06%,0.006561595,0.1%,-0.07%,-0.07%
222,20,100,30,0.3,6,6,1722,0.00092953,6.343022468,0.06%,0.01%,0,0.1%,-0.06%,-0.11%
223,20,100,30,0.3,6,7,1723,0.001121057,5.496414962,0.04%,0.02%,0,0.1%,-0.09%,-0.10%
224,20,100,30,0.3,6,8,1724,0.005259563,5.418058652,0.00%,0.10%,0,0.1%,-0.12%,-0.03%
225,20,200,30,0.3,6,1,1717,0.002453074,6.289698028,0.02%,0.04%,0,0.1%,-0.10%,-0.09%
226,20,200,30,0.3,6,2,1718,0.002464359,6.108400849,0.0007%,0.0403%,0,0.1%,-0.12%,-0.08%
227,20,200,30,0.3,6,3,1719,0.002192277,6.015929259,0.10%,0.04%,0,0.1%,-0.02%,-0.09%
228,20,200,30,0.3,6,4,1720,0.00405176,6.001292672,0.03%,0.07%,0.000453739,0.1%,-0.09%,-0.06%
229,20,200,30,0.3,6,5,1721,0.002300618,5.349279269,0.04%,0.04%,0,0.1%,-0.08%,-0.08%
230,20,200,30,0.3,6,6,1722,0.002519724,6.230744815,0.00%,0.04%,0,0.1%,-0.12%,-0.08%
231,20,200,30,0.3,6,7,1723,0.002707203,5.990453567,0.00%,0.05%,0.000613569,0.1%,-0.12%,-0.08%
232,20,200,30,0.3,6,8,1724,0.005086239,5.945450617,0.00%,0.09%,0,0.1%,-0.12%,-0.04%
233,20,400,30,0.3,6,1,1717,0.002276831,5.942300476,0.01%,0.04%,0,0.1%,-0.11%,-0.09%
234,20,400,30,0.3,6,2,1718,0.002080788,5.669123249,0.0205%,0.0367%,0,0.1%,-0.10%,-0.09%
235,20,400,30,0.3,6,3,1719,0.003524148,5.992873015,0.02%,0.06%,0,0.1%,-0.11%,-0.07%
236,20,400,30,0.3,6,4,1720,0.004297639,5.722271395,0.04%,0.08%,0,0.1%,-0.08%,-0.05%
237,20,400,30,0.3,6,5,1721,0.002541666,5.739878233,0.04%,0.04%,0,0.1%,-0.08%,-0.08%
238,20,400,30,0.3,6,6,1722,0.001199762,6.205878278,0.02%,0.02%,0,0.1%,-0.10%,-0.11%
239,20,400,30,0.3,6,7,1723,0.003588329,5.724919045,0.05%,0.06%,0.00050322,0.1%,-0.08%,-0.06%
240,20,400,30,0.3,6,8,1724,0.002571202,5.845111143,0.03%,0.04%,0,0.1%,-0.10%,-0.08%
241,20,100,30,0.4,8,1,1717,0.008330011,7.060126522,0.04%,0.12%,0.004760737,0.1%,-0.08%,-0.01%
242,20,100,30,0.4,8,2,1718,0.011413837,7.059839899,0.0000%,0.1617%,0.002790046,0.1%,-0.12%,0.04%
243,20,100,30,0.4,8,3,1719,0.005011047,7.39704672,0.01%,0.07%,2.85E-05,0.1%,-0.11%,-0.06%
244,20,100,30,0.4,8,4,1720,0.012473635,7.115059534,0.05%,0.18%,0.008028588,0.1%,-0.08%,0.05%
245,20,100,30,0.4,8,5,1721,0.009679964,7.986701474,0.20%,0.12%,0.004912424,0.1%,0.08%,0.00%
246,20,100,30,0.4,8,6,1722,0.003869177,6.935600166,0.06%,0.06%,0.004109495,0.1%,-0.07%,-0.07%
247,20,100,30,0.4,8,7,1723,0.006360038,6.666398895,0.00%,0.10%,0.004114637,0.1%,-0.12%,-0.03%
248,20,100,30,0.4,8,8,1724,0.008701108,7.501371402,0.25%,0.12%,0.006412432,0.1%,0.12%,-0.01%
249,20,200,30,0.4,8,1,1717,0.008792638,7.259777104,0.11%,0.12%,0.004474396,0.1%,-0.02%,0.00%
250,20,200,30,0.4,8,2,1718,0.008833293,7.345650463,0.0329%,0.1203%,0.004683325,0.1%,-0.09%,0.00%
251,20,200,30,0.4,8,3,1719,0.007812925,7.293921619,0.01%,0.11%,0.004217691,0.1%,-0.11%,-0.02%
252,20,200,30,0.4,8,4,1720,0.009542088,7.23903108,0.03%,0.13%,0.010267819,0.1%,-0.09%,0.01%
253,20,200,30,0.4,8,5,1721,0.013434885,7.033519958,0.12%,0.19%,0.013424149,0.1%,0.00%,0.07%
254,20,200,30,0.4,8,6,1722,0.008249885,7.281172536,0.02%,0.11%,0.007726268,0.1%,-0.10%,-0.01%
255,20,200,30,0.4,8,7,1723,0.005261337,6.850248731,0.03%,0.08%,0.002674769,0.1%,-0.10%,-0.05%
256,20,200,30,0.4,8,8,1724,0.007668903,6.990987942,0.17%,0.11%,0.005619069,0.1%,0.05%,-0.01%
257,20,400,30,0.4,8,1,1717,0.008452294,7.039014237,0.10%,0.12%,0.003949973,0.1%,-0.03%,0.00%
258,20,400,30,0.4,8,2,1718,0.007305438,7.198950162,0.0143%,0.1015%,0.003514047,0.1%,-0.11%,-0.02%
259,20,400,30,0.4,8,3,1719,0.009182912,7.050775038,0.04%,0.13%,0.004893944,0.1%,-0.09%,0.01%
260,20,400,30,0.4,8,4,1720,0.00728146,7.025483853,0.05%,0.10%,0.003458192,0.1%,-0.08%,-0.02%
261,20,400,30,0.4,8,5,1721,0.009361151,7.705586619,0.09%,0.12%,0.007924341,0.1%,-0.04%,0.00%
262,20,400,30,0.4,8,6,1722,0.005953241,7.011894595,0.04%,0.08%,0.007507552,0.1%,-0.08%,-0.04%
263,20,400,30,0.4,8,7,1723,0.004993021,7.222429069,0.08%,0.07%,0.004336082,0.1%,-0.04%,-0.06%
264,20,400,30,0.4,8,8,1724,0.006801575,7.306649712,0.10%,0.09%,0.003760488,0.1%,-0.03%,-0.03%
265,20,100,30,0.5,10,1,1717,0.009163129,8.27146111,0.04%,0.11%,0.012645474,0.1%,-0.08%,-0.01%
266,20,100,30,0.5,10,2,1718,0.015617068,6.273281268,0.0000%,0.2489%,0.022508536,0.1%,-0.12%,0.12%
267,20,100,30,0.5,10,3,1719,0.013940216,6.411876921,0.00%,0.22%,0.020659878,0.1%,-0.12%,0.09%
268,20,100,30,0.5,10,4,1720,0.007408849,7.115363969,0.34%,0.10%,0.009940578,0.1%,0.21%,-0.02%
269,20,100,30,0.5,10,5,1721,0.011929002,6.557395825,0.00%,0.18%,0.023301522,0.1%,-0.12%,0.06%
270,20,100,30,0.5,10,6,1722,0.009739409,6.432814581,0.27%,0.15%,0.017685834,0.1%,0.15%,0.03%
271,20,100,30,0.5,10,7,1723,0.021233122,8.009926785,0.08%,0.27%,0.019176752,0.1%,-0.05%,0.14%
272,20,100,30,0.5,10,8,1724,0.028383426,6.79082666,0.07%,0.42%,0.037794198,0.1%,-0.06%,0.29%
273,20,200,30,0.5,10,1,1717,0.025864095,7.199875479,0.03%,0.36%,0.024732985,0.1%,-0.09%,0.23%
274,20,200,30,0.5,10,2,1718,0.013875963,6.540237711,0.0121%,0.2122%,0.027948911,0.1%,-0.11%,0.09%
275,20,200,30,0.5,10,3,1719,0.018538057,6.062831681,0.08%,0.31%,0.020948868,0.1%,-0.05%,0.18%
276,20,200,30,0.5,10,4,1720,0.019753255,7.470538456,0.12%,0.26%,0.018479778,0.1%,-0.01%,0.14%
277,20,200,30,0.5,10,5,1721,0.02051097,6.528872726,0.03%,0.31%,0.021539083,0.1%,-0.10%,0.19%
278,20,200,30,0.5,10,6,1722,0.016098146,7.164716656,0.06%,0.22%,0.020795963,0.1%,-0.07%,0.10%
279,20,200,30,0.5,10,7,1723,0.01509021,7.143006699,0.00%,0.21%,0.018616354,0.1%,-0.12%,0.09%
280,20,200,30,0.5,10,8,1724,0.021853776,7.538467387,0.11%,0.29%,0.025267007,0.1%,-0.02%,0.17%
281,20,400,30,0.5,10,1,1717,0.01352132,7.46731584,0.08%,0.18%,0.012931763,0.1%,-0.05%,0.06%
282,20,400,30,0.5,10,2,1718,0.016769676,7.088717199,0.2911%,0.2366%,0.018168873,0.1%,0.17%,0.11%
283,20,400,30,0.5,10,3,1719,0.01480738,7.118433174,0.05%,0.21%,0.017080099,0.1%,-0.07%,0.08%
284,20,400,30,0.5,10,4,1720,0.017714145,7.155609042,0.43%,0.25%,0.017175597,0.1%,0.30%,0.12%
285,20,400,30,0.5,10,5,1721,0.020916105,7.96859296,0.10%,0.26%,0.018637392,0.1%,-0.02%,0.14%
286,20,400,30,0.5,10,6,1722,0.018986992,6.952075325,0.16%,0.27%,0.020501514,0.1%,0.04%,0.15%
287,20,400,30,0.5,10,7,1723,0.014234283,6.849780311,0.21%,0.21%,0.015400502,0.1%,0.09%,0.08%
288,20,400,30,0.5,10,8,1724,0.021088801,7.585570741,0.16%,0.28%,0.018093245,0.1%,0.03%,0.15%
289,40,100,30,0.2,8,1,1717,0,7.187320666,0.00%,0.00%,0,0.0%,0.00%,0.00%
290,40,100,30,0.2,8,2,1718,0,7.059839899,0.00%,0.00%,0,0.0%,0.00%,0.00%
291,40,100,30,0.2,8,3,1719,0,7.39704672,0.00%,0.00%,0,0.0%,0.00%,0.00%
292,40,100,30,0.2,8,4,1720,0,7.115059534,0.00%,0.00%,0,0.0%,0.00%,0.00%
293,40,100,30,0.2,8,5,1721,0,6.916425648,0.00%,0.00%,0,0.0%,0.00%,0.00%
294,40,100,30,0.2,8,6,1722,0,6.935600166,0.00%,0.00%,0,0.0%,0.00%,0.00%
295,40,100,30,0.2,8,7,1723,0,6.666398895,0.00%,0.00%,0,0.0%,0.00%,0.00%
296,40,100,30,0.2,8,8,1724,0,7.501371402,0.00%,0.00%,0,0.0%,0.00%,0.00%
297,40,200,30,0.2,8,1,1717,0,7.259777104,0.00%,0.00%,0,0.0%,0.00%,0.00%
298,40,200,30,0.2,8,2,1718,0,7.345650463,0.00%,0.00%,0,0.0%,0.00%,0.00%
299,40,200,30,0.2,8,3,1719,0,7.293921619,0.00%,0.00%,0,0.0%,0.00%,0.00%
300,40,200,30,0.2,8,4,1720,0,7.23903108,0.00%,0.00%,0,0.0%,0.00%,0.00%
301,40,200,30,0.2,8,5,1721,0,7.672221747,0.00%,0.00%,0,0.0%,0.00%,0.00%
302,40,200,30,0.2,8,6,1722,0,7.281172536,0.00%,0.00%,0,0.0%,0.00%,0.00%
303,40,200,30,0.2,8,7,1723,0,6.850248731,0.00%,0.00%,0,0.0%,0.00%,0.00%
304,40,200,30,0.2,8,8,1724,0,6.965218474,0.00%,0.00%,0,0.0%,0.00%,0.00%
305,40,400,30,0.2,8,1,1717,0,7.039014237,0.00%,0.00%,0,0.0%,0.00%,0.00%
306,40,400,30,0.2,8,2,1718,0,6.839792073,0.00%,0.00%,0,0.0%,0.00%,0.00%
307,40,400,30,0.2,8,3,1719,0,7.050775038,0.00%,0.00%,0,0.0%,0.00%,0.00%
308,40,400,30,0.2,8,4,1720,0,7.025483853,0.00%,0.00%,0,0.0%,0.00%,0.00%
309,40,400,30,0.2,8,5,1721,0,7.27871354,0.00%,0.00%,0,0.0%,0.00%,0.00%
310,40,400,30,0.2,8,6,1722,0,7.011894595,0.00%,0.00%,0,0.0%,0.00%,0.00%
311,40,400,30,0.2,8,7,1723,0,7.222429069,0.00%,0.00%,0,0.0%,0.00%,0.00%
312,40,400,30,0.2,8,8,1724,0,7.306649712,0.00%,0.00%,0,0.0%,0.00%,0.00%
313,40,100,30,0.3,12,1,1717,0,9.52387766,0.00%,0.00%,0,0.0%,0.00%,0.00%
314,40,100,30,0.3,12,2,1718,0,10.74342677,0.00%,0.00%,0,0.0%,0.00%,0.00%
315,40,100,30,0.3,12,3,1719,0,5.752083254,0.00%,0.00%,0,0.0%,0.00%,0.00%
316,40,100,30,0.3,12,4,1720,0,6.669538116,0.00%,0.00%,0,0.0%,0.00%,0.00%
317,40,100,30,0.3,12,5,1721,0,6.231537243,0.00%,0.00%,0,0.0%,0.00%,0.00%
318,40,100,30,0.3,12,6,1722,0,7.283517655,0.00%,0.00%,0,0.0%,0.00%,0.00%
319,40,100,30,0.3,12,7,1723,0,7.477354727,0.00%,0.00%,0,0.0%,0.00%,0.00%
320,40,100,30,0.3,12,8,1724,0,7.831966515,0.00%,0.00%,0,0.0%,0.00%,0.00%
321,40,200,30,0.3,12,1,1717,0,11.81224124,0.00%,0.00%,0,0.0%,0.00%,0.00%
322,40,200,30,0.3,12,2,1718,0,7.050160212,0.00%,0.00%,0,0.0%,0.00%,0.00%
323,40,200,30,0.3,12,3,1719,0,8.243843724,0.00%,0.00%,0,0.0%,0.00%,0.00%
324,40,200,30,0.3,12,4,1720,0,7.39373357,0.00%,0.00%,0,0.0%,0.00%,0.00%
325,40,200,30,0.3,12,5,1721,0,7.302715974,0.00%,0.00%,0,0.0%,0.00%,0.00%
326,40,200,30,0.3,12,6,1722,0,7.982616275,0.00%,0.00%,0,0.0%,0.00%,0.00%
327,40,200,30,0.3,12,7,1723,0,7.095994723,0.00%,0.00%,0,0.0%,0.00%,0.00%
328,40,200,30,0.3,12,8,1724,0,7.357212019,0.00%,0.00%,0,0.0%,0.00%,0.00%
329,40,400,30,0.3,12,1,1717,0,8.871861003,0.00%,0.00%,0,0.0%,0.00%,0.00%
330,40,400,30,0.3,12,2,1718,0,8.090733124,0.00%,0.00%,0,0.0%,0.00%,0.00%
331,40,400,30,0.3,12,3,1719,0,7.606980862,0.00%,0.00%,0,0.0%,0.00%,0.00%
332,40,400,30,0.3,12,4,1720,0,7.58608142,0.00%,0.00%,0,0.0%,0.00%,0.00%
333,40,400,30,0.3,12,5,1721,0,6.827682627,0.00%,0.00%,0,0.0%,0.00%,0.00%
334,40,400,30,0.3,12,6,1722,8.71E-08,8.045973273,0.00%,0.00%,0,0.0%,0.00%,0.00%
335,40,400,30,0.3,12,7,1723,0,7.480965373,0.00%,0.00%,0,0.0%,0.00%,0.00%
336,40,400,30,0.3,12,8,1724,0,8.01904252,0.00%,0.00%,0,0.0%,0.00%,0.00%
337,40,100,30,0.4,16,1,1717,0,3.643539404,0.00%,0.00%,0,0.0%,0.00%,0.00%
338,40,100,30,0.4,16,2,1718,0,4.519419266,0.00%,0.00%,0,0.0%,0.00%,0.00%
339,40,100,30,0.4,16,3,1719,0,8.015226999,0.00%,0.00%,0,0.0%,0.00%,0.00%
340,40,100,30,0.4,16,4,1720,0,4.977261472,0.00%,0.00%,0,0.0%,0.00%,0.00%
341,40,100,30,0.4,16,5,1721,0,7.546142551,0.00%,0.00%,0,0.0%,0.00%,0.00%
342,40,100,30,0.4,16,6,1722,0,7.44774497,0.00%,0.00%,0,0.0%,0.00%,0.00%
343,40,100,30,0.4,16,7,1723,2.49E-05,7.796124022,0.00%,0.00%,0,0.0%,0.00%,0.00%
344,40,100,30,0.4,16,8,1724,0,6.131574635,0.00%,0.00%,0,0.0%,0.00%,0.00%
345,40,200,30,0.4,16,1,1717,0,14.09957584,0.00%,0.00%,0,0.0%,0.00%,0.00%
346,40,200,30,0.4,16,2,1718,8.43E-06,5.571772982,0.00%,0.00%,0,0.0%,0.00%,0.00%
347,40,200,30,0.4,16,3,1719,0,9.141707808,0.00%,0.00%,0,0.0%,0.00%,0.00%
348,40,200,30,0.4,16,4,1720,0.000150738,8.087069997,0.00%,0.00%,0,0.0%,0.00%,0.00%
349,40,200,30,0.4,16,5,1721,0.000125532,7.683146034,0.00%,0.00%,0,0.0%,0.00%,0.00%
350,40,200,30,0.4,16,6,1722,0,6.16097602,0.00%,0.00%,0,0.0%,0.00%,0.00%
351,40,200,30,0.4,16,7,1723,0,8.716983023,0.00%,0.00%,0,0.0%,0.00%,0.00%
352,40,200,30,0.4,16,8,1724,0,7.370132155,0.00%,0.00%,0,0.0%,0.00%,0.00%
353,40,400,30,0.4,16,1,1717,1.69E-05,7.06682346,0.00%,0.00%,0,0.0%,0.00%,0.00%
354,40,400,30,0.4,16,2,1718,4.80E-06,7.237160827,0.00%,0.00%,0,0.0%,0.00%,0.00%
355,40,400,30,0.4,16,3,1719,7.81E-06,8.175097768,0.00%,0.00%,0,0.0%,0.00%,0.00%
356,40,400,30,0.4,16,4,1720,9.73E-07,8.517982233,0.00%,0.00%,0,0.0%,0.00%,0.00%
357,40,400,30,0.4,16,5,1721,2.60E-06,7.96773332,0.00%,0.00%,0,0.0%,0.00%,0.00%
358,40,400,30,0.4,16,6,1722,2.99E-06,6.891837008,0.00%,0.00%,0,0.0%,0.00%,0.00%
359,40,400,30,0.4,16,7,1723,0,7.967811794,0.00%,0.00%,0,0.0%,0.00%,0.00%
360,40,400,30,0.4,16,8,1724,0,7.180291004,0.00%,0.00%,0,0.0%,0.00%,0.00%
361,40,100,30,0.5,20,1,1717,2.35E-05,32.87362912,0.00%,0.00%,0,0.0%,0.00%,0.00%
362,40,100,30,0.5,20,2,1718,0.000186133,5.702036951,0.00%,0.00%,0,0.0%,0.00%,0.00%
363,40,100,30,0.5,20,3,1719,5.12E-06,29.00556455,0.00%,0.00%,0,0.0%,0.00%,0.00%
364,40,100,30,0.5,20,4,1720,0,5.701682193,0.00%,0.00%,0,0.0%,0.00%,0.00%
365,40,100,30,0.5,20,5,1721,7.55E-05,21.42857148,0.00%,0.00%,0,0.0%,0.00%,0.00%
366,40,100,30,0.5,20,6,1722,6.43E-05,12.28103407,0.00%,0.00%,0,0.0%,0.00%,0.00%
367,40,100,30,0.5,20,7,1723,0.001367018,6.486927305,0.00%,0.02%,0,0.0%,0.00%,0.02%
368,40,100,30,0.5,20,8,1724,7.72E-05,7.467088565,0.00%,0.00%,0,0.0%,0.00%,0.00%
369,40,200,30,0.5,20,1,1717,6.01E-05,14.65311101,0.00%,0.00%,0,0.0%,0.00%,0.00%
370,40,200,30,0.5,20,2,1718,0.000274501,3.776235707,0.00%,0.01%,0,0.0%,0.00%,0.01%
371,40,200,30,0.5,20,3,1719,0.000254733,13.84403105,0.00%,0.00%,0,0.0%,0.00%,0.00%
372,40,200,30,0.5,20,4,1720,8.43E-05,9.097724797,0.00%,0.00%,0,0.0%,0.00%,0.00%
373,40,200,30,0.5,20,5,1721,0.0004076,9.731156749,0.00%,0.00%,0,0.0%,0.00%,0.00%
374,40,200,30,0.5,20,6,1722,0.000106998,6.863692278,0.00%,0.00%,0,0.0%,0.00%,0.00%
375,40,200,30,0.5,20,7,1723,6.19E-05,4.36307584,0.00%,0.00%,0,0.0%,0.00%,0.00%
376,40,200,30,0.5,20,8,1724,0.000556467,9.052585624,0.00%,0.01%,0,0.0%,0.00%,0.01%
377,40,400,30,0.5,20,1,1717,3.26E-05,12.82812075,0.00%,0.00%,0,0.0%,0.00%,0.00%
378,40,400,30,0.5,20,2,1718,0.000177324,5.941788942,0.00%,0.00%,0,0.0%,0.00%,0.00%
379,40,400,30,0.5,20,3,1719,3.34E-05,10.60548426,0.00%,0.00%,0,0.0%,0.00%,0.00%
380,40,400,30,0.5,20,4,1720,0.000199866,10.69307488,0.00%,0.00%,0,0.0%,0.00%,0.00%
381,40,400,30,0.5,20,5,1721,2.34E-05,10.34402955,0.00%,0.00%,0,0.0%,0.00%,0.00%
382,40,400,30,0.5,20,6,1722,0.000102488,7.909546803,0.00%,0.00%,0,0.0%,0.00%,0.00%
383,40,400,30,0.5,20,7,1723,7.55E-05,13.02043393,0.00%,0.00%,0,0.0%,0.00%,0.00%
384,40,400,30,0.5,20,8,1724,0.000126569,8.057497642,0.00%,0.00%,0,0.0%,0.00%,0.00%
