episode,rmse_mean,rmse_se
1,0.48304589153964794,
2,0.45088519919946685,
3,0.40645076548323145,
4,0.36764977123033044,
5,0.33603859007418724,
6,0.3011302847192573,
7,0.29754210501856293,
8,0.2958085403367262,
9,0.26337847615608173,
10,0.2643392336486538,
11,0.25920159216244154,
12,0.2558359878856954,
13,0.2555175658276309,
14,0.2516217545791142,
15,0.24328350071003163,
16,0.23981935043372063,
17,0.24182968676860098,
18,0.2402858591370337,
19,0.24059624903348908,
20,0.23856773029975192,
21,0.23822449099598472,
22,0.23800403593401565,
23,0.23772970678733618,
24,0.23606033790931127,
25,0.23645416429598584,
26,0.23548065726976328,
27,0.23480629044474882,
28,0.2344594423384197,
29,0.23567216592934764,
30,0.2333191488027559,
31,0.232873310855421,
32,0.23179899066296947,
33,0.23133126555603956,
34,0.23087275214233194,
35,0.23058536829970816,
36,0.23018908015608916,
37,0.2300775731264134,
38,0.22995421511593722,
39,0.22977590010514448,
40,0.22931976189863776,
41,0.22912772034274245,
42,0.22878354127283007,
43,0.2278068480438632,
44,0.2275999190387778,
45,0.22741373067039883,
46,0.22696323965510148,
47,0.22668650745868013,
48,0.22650371615846043,
49,0.22615017204276866,
50,0.22590335099889203,
51,0.22583494909247848,
52,0.22568064345830607,
53,0.22559024036307304,
54,0.2252086007106438,
55,0.22502525358902295,
56,0.22479499181768928,
57,0.22478928596171255,
58,0.2242400869793227,
59,0.2238628338045623,
60,0.22381914176222506,
61,0.22349345061764384,
62,0.22336695008733654,
63,0.2231526887967681,
64,0.22284236790017226,
65,0.22255018828339795,
66,0.22220862137320838,
67,0.22196592628077347,
68,0.22200992060704836,
69,0.22185522549903597,
70,0.22176485652281527,
71,0.2219176751715569,
72,0.2218037803228027,
73,0.22175141870022608,
74,0.22161668277872223,
75,0.22151772209157447,
76,0.22105143864972382,
77,0.2208956426130997,
78,0.22069406789411727,
79,0.22068441738473032,
80,0.22060613033319357,
81,0.22047678716769226,
82,0.22031152748300795,
83,0.22009620475736988,
84,0.2199991380756144,
85,0.2199240930608536,
86,0.21989270110371295,
87,0.2197077442495464,
88,0.21971090602695736,
89,0.21958061300064224,
90,0.21953023684798748,
91,0.21936547577246804,
92,0.2192531963630093,
93,0.21922571762289725,
94,0.2189827373599936,
95,0.21882982245763508,
96,0.21879033696756675,
97,0.2185318901969776,
98,0.21842196161668276,
99,0.21823606949824848,
100,0.2180775004692897,
101,0.21796506935879448,
102,0.21791759528827362,
103,0.21780257299575095,
104,0.21764597029094704,
105,0.21748865221549743,
106,0.217326017446872,
107,0.21712430279374614,
108,0.217015311388996,
109,0.2170052478385296,
110,0.21684233183241186,
111,0.21678596249302215,
112,0.21663095745724015,
113,0.2165969772025144,
114,0.21648591475674062,
115,0.21641871952388733,
116,0.21626019574609084,
117,0.21615668417556416,
118,0.21604938944942023,
119,0.2159489277487043,
120,0.21585032050168187,
121,0.21575838480162712,
122,0.21576215092138337,
123,0.21563720605218425,
124,0.2155462523916834,
125,0.21553891528674304,
126,0.2154422378050422,
127,0.2152753645325838,
128,0.21521760816304053,
129,0.21514521552300453,
130,0.2150966316610012,
131,0.21499751456015953,
132,0.21489587734808985,
133,0.21483194728558552,
134,0.21473833134648604,
135,0.2147032326245697,
136,0.21464746095127885,
137,0.21451682009501188,
138,0.21445481174136904,
139,0.21429615047251033,
140,0.21417256928057063,
141,0.2141048168063099,
142,0.214024500892564,
143,0.2138622085290569,
144,0.21384992930662095,
145,0.2137953777216563,
146,0.21369969127905322,
147,0.2136289768394188,
148,0.21354801898222409,
149,0.21350836383060792,
150,0.2134978072620814,
151,0.21348979036831853,
152,0.2134877641634423,
153,0.21342624668915502,
154,0.2134246099607198,
155,0.21337840897455623,
156,0.21327944514521469,
157,0.21318459648140842,
158,0.21317257163852596,
159,0.21309294925408437,
160,0.21305285478126929,
161,0.21305167796890287,
162,0.21295756574604374,
163,0.21289793445852936,
164,0.21280974613327092,
165,0.2127376410783684,
166,0.2127043544145664,
167,0.2126350930303837,
168,0.21261602815866862,
169,0.21253065165954224,
170,0.21248651296382548,
171,0.212330440045874,
172,0.21231388864958128,
173,0.2122605004880645,
174,0.2121806482511801,
175,0.21217955173822073,
176,0.21211358266916377,
177,0.21207999059508145,
178,0.21202925191801367,
179,0.21195354984155731,
180,0.21194000310926273,
181,0.21185474452895076,
182,0.21179995328436996,
183,0.21174278718076361,
184,0.21171150263635863,
185,0.21164048518614323,
186,0.21158043787720518,
187,0.21153018871269755,
188,0.21147694194057978,
189,0.21147270772258328,
190,0.21140836862569806,
191,0.2113854334376065,
192,0.21137433787969903,
193,0.21131230665131964,
194,0.21125720228189482,
195,0.21121105196471712,
196,0.21106979409442567,
197,0.21081132697349234,
198,0.21073308494741405,
199,0.21066753462025747,
200,0.210655782797349,
201,0.21056721402640083,
202,0.21052231988594017,
203,0.21051124893801368,
204,0.2104878288741274,
205,0.2104373284144533,
206,0.2103757441866425,
207,0.21027936837133715,
208,0.21027287546174234,
209,0.2102628801554297,
210,0.21020795944724147,
211,0.21015791470345918,
212,0.21009768827058634,
213,0.21004707642521597,
214,0.21003751641514298,
215,0.20998878618726227,
216,0.20998229834488472,
217,0.2099271788172235,
218,0.2098835363297473,
219,0.20978497318060313,
220,0.20974581631725983,
221,0.20971641910460584,
222,0.2096933995663558,
223,0.2096456562774016,
224,0.2095966966867709,
225,0.2095534355615967,
226,0.20949960115263414,
227,0.2094932434268811,
228,0.20946109687407652,
229,0.20941467532943608,
230,0.20937038877950606,
231,0.20936555336599766,
232,0.20922433149979558,
233,0.209176375801638,
234,0.20914122531407683,
235,0.20913956018593924,
236,0.20906429890706119,
237,0.2090142120159565,
238,0.20897489938628164,
239,0.20893851709287417,
240,0.20890691347843426,
241,0.20888363044927788,
242,0.20885446858816425,
243,0.2088209118141025,
244,0.20881677593205125,
245,0.20876627532829686,
246,0.20875759771386157,
247,0.2087083547967202,
248,0.20867719388905778,
249,0.20866813430206377,
250,0.2086272844730616,
251,0.20859203688999636,
252,0.20854491286999186,
253,0.2084918170511628,
254,0.20848556932567783,
255,0.20845686745692382,
256,0.20842131954507379,
257,0.20840361195566973,
258,0.20838860059583394,
259,0.2083799674631574,
260,0.20834004302637904,
261,0.2083312541178326,
262,0.2082760180501701,
263,0.20822311447075809,
264,0.20814613446055438,
265,0.2081287812952051,
266,0.2080899175207471,
267,0.2080754414418462,
268,0.2080432125233195,
269,0.20800520814410056,
270,0.20798470486777737,
271,0.2079261267865971,
272,0.20789515977489104,
273,0.2078503496863673,
274,0.20780609353837626,
275,0.20777522613455807,
276,0.20773114090522576,
277,0.2077429629248571,
278,0.20769863000149139,
279,0.20766400357367537,
280,0.2076087611363916,
281,0.20756219391716632,
282,0.20752121747851332,
283,0.2074868200870539,
284,0.2074238861974172,
285,0.20738157087428996,
286,0.2073249386988999,
287,0.2073133711469202,
288,0.20726961819727374,
289,0.20726177908348561,
290,0.2072090673465088,
291,0.20720487966372783,
292,0.20716083416527117,
293,0.20714420828224409,
294,0.20710527001656923,
295,0.20707077357526793,
296,0.20706116127632454,
297,0.2070452836352453,
298,0.2070329549615611,
299,0.20699678348130326,
300,0.20698022822449538,
301,0.20694207861157335,
302,0.20691401492149947,
303,0.20690631356020503,
304,0.20689938265763375,
305,0.20685929475481366,
306,0.20683183242538258,
307,0.2068108230653516,
308,0.20677530665471794,
309,0.20675215108600223,
310,0.20670578954202345,
311,0.20666888998719388,
312,0.20662632221205404,
313,0.20659638672344452,
314,0.20654749718920395,
315,0.2065149648249566,
316,0.2065137484977887,
317,0.20645048665341784,
318,0.20639363721754397,
319,0.20638849982518406,
320,0.20635045448173633,
321,0.20630714001428133,
322,0.20625463880909609,
323,0.2062403263246652,
324,0.20619338106674368,
325,0.20617038924013553,
326,0.20614700361024987,
327,0.20610727861222874,
328,0.2060209525651385,
329,0.2060005894117356,
330,0.20597524359801622,
331,0.20594038104659382,
332,0.20590491857033794,
333,0.2058825752466808,
334,0.20586088731846247,
335,0.20583573592847934,
336,0.20580724074824058,
337,0.2057874476784178,
338,0.2057602337030119,
339,0.20571735660375928,
340,0.20567792816802571,
341,0.20565041429782577,
342,0.2056220675021685,
343,0.20561159834629497,
344,0.20556909595041517,
345,0.20553600740190883,
346,0.20553142419457002,
347,0.20551824539141705,
348,0.20550357158571936,
349,0.20548789189813582,
350,0.2054717139722046,
351,0.20544025565223464,
352,0.2054144854435963,
353,0.2053662528755307,
354,0.20533051160960666,
355,0.20530567389604978,
356,0.20527899917999332,
357,0.2052623090154862,
358,0.2052335012776826,
359,0.20519205552768738,
360,0.20516892782336685,
361,0.2051627865117498,
362,0.20510935301766162,
363,0.2050854046175566,
364,0.20507483854761818,
365,0.20506674272901532,
366,0.20503988463400918,
367,0.2050031562099324,
368,0.20497046184677842,
369,0.20496424648936146,
370,0.20491753848973457,
371,0.20488431883568367,
372,0.20485770078381288,
373,0.20485637476350677,
374,0.20484764108731723,
375,0.2048414575146045,
376,0.2047874640576838,
377,0.2047641111550081,
378,0.204742671301972,
379,0.20471218868704713,
380,0.20469474397815815,
381,0.20468430688130662,
382,0.20466364374802878,
383,0.20463731584244818,
384,0.2046105792071347,
385,0.20460577456039586,
386,0.20457616734309836,
387,0.2045425674632997,
388,0.20451318600048982,
389,0.20448395582104548,
390,0.2044574100687002,
391,0.20443490071557255,
392,0.2044070528035735,
393,0.2043807653178826,
394,0.20437721692884636,
395,0.2043501310627365,
396,0.2043297579421532,
397,0.20428199550633244,
398,0.20425636793801083,
399,0.20423526120991645,
400,0.20420374964196977,
401,0.20417653234055555,
402,0.2041720111350454,
403,0.20412521881737086,
404,0.2040965538945826,
405,0.20407548306038487,
406,0.20405119377513703,
407,0.20404569535417333,
408,0.20403677526862968,
409,0.20400243027644632,
410,0.20400102590450114,
411,0.2039748916539807,
412,0.20395162092586733,
413,0.2039304926221158,
414,0.20390732091567113,
415,0.20388170715453452,
416,0.20387196334291394,
417,0.20386540388616217,
418,0.2038588048151083,
419,0.20384216063388508,
420,0.2038138503451125,
421,0.20380037395940376,
422,0.20377300250167854,
423,0.20374741627751491,
424,0.20373166539341547,
425,0.203713124257129,
426,0.20368613354958398,
427,0.203657063932283,
428,0.20363799409573002,
429,0.20360596222936608,
430,0.2035813722244865,
431,0.20354990652760496,
432,0.20353559412576422,
433,0.2035045141897038,
434,0.2034898876155966,
435,0.2034768511416313,
436,0.20346916044131344,
437,0.20346363460442699,
438,0.20343714866494267,
439,0.20341674149113104,
440,0.20339503011402732,
441,0.2033822329876023,
442,0.20335781552464774,
443,0.20332981559122829,
444,0.20330783376187692,
445,0.20326945396695761,
446,0.20326821535372,
447,0.20325600949908465,
448,0.20323053557583667,
449,0.2032084706876331,
450,0.20319350657559546,
451,0.20318650622938822,
452,0.20316448792665878,
453,0.2031420933413177,
454,0.2031170117551237,
455,0.20309240367154283,
456,0.20306921835766645,
457,0.20304817076885884,
458,0.20301260635838367,
459,0.20301015746162254,
460,0.2030062731831561,
461,0.20298247798708066,
462,0.20297048424891842,
463,0.20295402256766715,
464,0.20294887824061666,
465,0.2029420913151049,
466,0.20293990054831176,
467,0.20291428233298514,
468,0.202909442875288,
469,0.2028891050488756,
470,0.20287249564558177,
471,0.2028469091128242,
472,0.2028202230967888,
473,0.2027966823294848,
474,0.2027651940461321,
475,0.20275518948291724,
476,0.2027528434596889,
477,0.2027298885702138,
478,0.20270964418494228,
479,0.2026861886627188,
480,0.20267243834533474,
481,0.2026574583672725,
482,0.20263596906373876,
483,0.20262095349984152,
484,0.20259864989769116,
485,0.20257663715607674,
486,0.2025425404116751,
487,0.202511595121274,
488,0.20246814209655684,
489,0.2024443964063947,
490,0.20241740805709443,
491,0.20239863750910983,
492,0.20238915822672254,
493,0.20236191256798103,
494,0.20234109249637813,
495,0.202331653645596,
496,0.20231491077600114,
497,0.20229673398442188,
498,0.202277657093513,
499,0.20225232196810491,
500,0.20223689143441992,
501,0.20223326633400387,
502,0.2021985507141876,
503,0.20218848523329513,
504,0.2021645696589506,
505,0.20214447557985707,
506,0.20212409831925388,
507,0.20209694424482486,
508,0.20207258633928632,
509,0.20205334510068224,
510,0.20202910454617784,
511,0.20201093433177125,
512,0.2019926615337397,
513,0.20197751831910662,
514,0.2019575933446272,
515,0.20193004005545995,
516,0.2019089848925509,
517,0.20188503305861133,
518,0.20185896486960866,
519,0.20183416296067921,
520,0.20181631192186106,
521,0.20179806015106078,
522,0.20178789244984624,
523,0.20176502517917946,
524,0.20174663653973404,
525,0.2017237576745357,
526,0.20171538427865074,
527,0.20170172366603395,
528,0.20167950634944426,
529,0.20165792984491412,
530,0.2016339526105681,
531,0.2016358294482783,
532,0.20162099533154168,
533,0.20158841273388195,
534,0.2015874064117939,
535,0.20157896120735558,
536,0.20155232767991837,
537,0.20153862248543933,
538,0.2015150090697957,
539,0.2015090921608912,
540,0.20150808960922886,
541,0.20150601262578874,
542,0.20149989597198123,
543,0.20147283444977737,
544,0.20146975154371988,
545,0.20145195511596845,
546,0.2014486367152393,
547,0.2014303233449874,
548,0.20140818756469805,
549,0.20138488913046076,
550,0.20136484874859903,
551,0.20133197773026235,
552,0.20131502824753575,
553,0.20129555162676158,
554,0.20127301590331054,
555,0.20126298614658095,
556,0.201258496508982,
557,0.2012359625530289,
558,0.2012153553841477,
559,0.20121060409142275,
560,0.2012062002111288,
561,0.2011866868694745,
562,0.2011682284028307,
563,0.20114107952614704,
564,0.20112219483964472,
565,0.2010994634219492,
566,0.20108150529768687,
567,0.20108053665005254,
568,0.20106395271403085,
569,0.2010420913053437,
570,0.20103066937776112,
571,0.2010108139285894,
572,0.20100253746811464,
573,0.20098262659007757,
574,0.20097037328853962,
575,0.2009661215001078,
576,0.20095273811444317,
577,0.20093670803226293,
578,0.2009085719951161,
579,0.20089263942809263,
580,0.20087034257095968,
581,0.20084829012168282,
582,0.20084633811280833,
583,0.2008420975119051,
584,0.20082024979500618,
585,0.20080506791647468,
586,0.20077568927842548,
587,0.20075413909291837,
588,0.20075015494304135,
589,0.20073267726683658,
590,0.20073167391078842,
591,0.20071985416876761,
592,0.20069321926719413,
593,0.20067156719783594,
594,0.20065623039931604,
595,0.20065834451316894,
596,0.2006356588090697,
597,0.20062397684673583,
598,0.20061237942600404,
599,0.20059380258038104,
600,0.20058661100461156,
601,0.200584643235663,
602,0.2005785168994438,
603,0.20056922272386857,
604,0.20055402173781342,
605,0.2005469466442821,
606,0.20052759742018497,
607,0.20052066981916286,
608,0.20051292101885881,
609,0.20049492437063104,
610,0.20048863059223,
611,0.20047735395836322,
612,0.2004593275151088,
613,0.20043786957519805,
614,0.20041908198693176,
615,0.20041164900154415,
616,0.20040751835995566,
617,0.20040503880606883,
618,0.20040194581235504,
619,0.2003802961041949,
620,0.2003582153202555,
621,0.20034000339736094,
622,0.2003251815354094,
623,0.20032330177044855,
624,0.2003070417615371,
625,0.20030194036124538,
626,0.2002845227168945,
627,0.20026867758506145,
628,0.20025594166321972,
629,0.20024713758658166,
630,0.20023624067383589,
631,0.20021773884349825,
632,0.20021057677041668,
633,0.20018167142280124,
634,0.20016607412787962,
635,0.20015401462291696,
636,0.20014510270261776,
637,0.20013331977621585,
638,0.20011632937669263,
639,0.20011356450371073,
640,0.2000927986568743,
641,0.20007525466853235,
642,0.20005581918965137,
643,0.20003917325344847,
644,0.20003442233067545,
645,0.20001588898816283,
646,0.20000320498840107,
647,0.19998835057613581,
648,0.1999599010427013,
649,0.19994247925103023,
650,0.199931696935473,
651,0.19991576169951128,
652,0.19989546587572596,
653,0.19988453091181052,
654,0.19987282795294567,
655,0.19985587419433498,
656,0.1998414284654739,
657,0.19983262476256786,
658,0.19980721767664575,
659,0.19979576010020986,
660,0.19977386443518133,
661,0.19977093948699637,
662,0.19975276027894676,
663,0.19973621744203662,
664,0.19972742425553688,
665,0.19971060650684114,
666,0.19969880714856153,
667,0.19967922720507764,
668,0.19966580865479777,
669,0.19964406163133114,
670,0.19963546418196373,
671,0.19962151672928682,
672,0.199607990670285,
673,0.19958724730401942,
674,0.19958627432817397,
675,0.1995715086638783,
676,0.19955444267866948,
677,0.199550652621589,
678,0.19953463737412655,
679,0.19952205059094422,
680,0.19950893620710386,
681,0.19949255918084424,
682,0.1994782115241772,
683,0.19946804719869685,
684,0.1994509917400144,
685,0.19944731610645425,
686,0.1994328659303984,
687,0.19942137330970353,
688,0.1994042520124939,
689,0.19938560426839294,
690,0.19937274337531172,
691,0.19935944079861959,
692,0.19934403377755258,
693,0.19933281010081674,
694,0.19932947654907107,
695,0.1993209936992017,
696,0.199315659494955,
697,0.19930061748763525,
698,0.1992834993385222,
699,0.19928252692070897,
700,0.19927928773646478,
701,0.19925907570086987,
702,0.19924304486963548,
703,0.1992287111266207,
704,0.19921099353730812,
705,0.1992073564201631,
706,0.19919508078961107,
707,0.19918274043708112,
708,0.1991743001139423,
709,0.19915437821694315,
710,0.19913907340521864,
711,0.19913487724864046,
712,0.1991211650593128,
713,0.19910763236334775,
714,0.1991009790178083,
715,0.19908156510263741,
716,0.19906638452950656,
717,0.1990595160578951,
718,0.19904156333594264,
719,0.19902887207779574,
720,0.19901721190877084,
721,0.19901147023230706,
722,0.19900574179589098,
723,0.19899106962394553,
724,0.19898356563128247,
725,0.19897997873284332,
726,0.1989656320848885,
727,0.19895251853508808,
728,0.19895166412503884,
729,0.19894267671048188,
730,0.1989311860507538,
731,0.1989276530172544,
732,0.19893293666260609,
733,0.198923214546402,
734,0.19891898410298797,
735,0.19891812067561584,
736,0.19890085052125656,
737,0.19888520569860546,
738,0.19887961002414692,
739,0.19886614970947847,
740,0.19885007815127415,
741,0.1988454204044943,
742,0.19884427337055133,
743,0.19884165106734833,
744,0.19882752588091038,
745,0.19881300240718372,
746,0.19879554302524738,
747,0.19877721711081703,
748,0.19876475007401875,
749,0.1987503607642688,
750,0.19873337673198513,
751,0.1987174343362701,
752,0.19870265444494092,
753,0.19869699693505824,
754,0.19868872649848324,
755,0.19867912713620914,
756,0.19866869005811577,
757,0.19865950676522226,
758,0.19864397504450956,
759,0.19863134664075643,
760,0.19862514401176878,
761,0.19859662615820917,
762,0.1985800020389205,
763,0.19856285884391345,
764,0.19854883688564048,
765,0.19853751507404305,
766,0.19852111388861227,
767,0.1985167468617377,
768,0.19851049003483398,
769,0.19850900017779913,
770,0.1985056019329229,
771,0.19849867022533982,
772,0.19849219375532903,
773,0.19847809505053685,
774,0.19846154206790165,
775,0.19846005941392666,
776,0.198443623543879,
777,0.19843416798668337,
778,0.19843082743380236,
779,0.1984272915306947,
780,0.19841357844478588,
781,0.19840583066166892,
782,0.19839651658726018,
783,0.1983835902992356,
784,0.19837028879011218,
785,0.1983612956078483,
786,0.1983447912797037,
787,0.1983318649090646,
788,0.1983285911283627,
789,0.19831281455106436,
790,0.19831188386258483,
791,0.1983003514252603,
792,0.1982837286495443,
793,0.19827139810778924,
794,0.19825708959247773,
795,0.19824879113945432,
796,0.19823977810206875,
797,0.1982264330785769,
798,0.19821099202249082,
799,0.19819990574531318,
800,0.19819845088559981,
801,0.1981975204350777,
802,0.19819135620590025,
803,0.19818566902293003,
804,0.1981755893071098,
805,0.19816205677562992,
806,0.19815580590009013,
807,0.1981446812217004,
808,0.1981314733357658,
809,0.19812844811854424,
810,0.19812528279096264,
811,0.19810665198278163,
812,0.19809358718155487,
813,0.19807147330836444,
814,0.1980535490211991,
815,0.19803635426714783,
816,0.19802834685487197,
817,0.19802750574695477,
818,0.19801613789507597,
819,0.19800240893490034,
820,0.19800564368853713,
821,0.19798917217409795,
822,0.19795855263578943,
823,0.1979460243262134,
824,0.19793988785756636,
825,0.19792614141909406,
826,0.19792611592220838,
827,0.19791294425474928,
828,0.1979012335125035,
829,0.19790040054267755,
830,0.19788496273276115,
831,0.19787131567819885,
832,0.19785693397489504,
833,0.19784295234392094,
834,0.19783198536925103,
835,0.19782033562523477,
836,0.19781064685268243,
837,0.19779890807745798,
838,0.1977896586657147,
839,0.19777501495289798,
840,0.1977593059752262,
841,0.19776053468211366,
842,0.19775799936242555,
843,0.1977484984420966,
844,0.19773167725973698,
845,0.19771782085006911,
846,0.1977046059807494,
847,0.19770784837905409,
848,0.1977018460448545,
849,0.19770092379984566,
850,0.1976857702483915,
851,0.19767759545064492,
852,0.1976652419184334,
853,0.19765002343142463,
854,0.19763940059094226,
855,0.19763640544108893,
856,0.1976289472008048,
857,0.19762331840525277,
858,0.19761158563317485,
859,0.1975959768804877,
860,0.1975930241199629,
861,0.19757838261742097,
862,0.19757250067790413,
863,0.1975515821996947,
864,0.19754870448782272,
865,0.1975365171714876,
866,0.19752881673796865,
867,0.19751391969629487,
868,0.19750508214601936,
869,0.19749807727887428,
870,0.19749404115370806,
871,0.19748330536764655,
872,0.19747467067185492,
873,0.1974595483719143,
874,0.19744785212173402,
875,0.19743672929714123,
876,0.197433816313364,
877,0.19742531256102852,
878,0.1974173072907443,
879,0.19740889187500799,
880,0.19739739027039674,
881,0.19738916456644778,
882,0.19738130940010454,
883,0.19736761791654045,
884,0.19736201740567785,
885,0.1973517042322601,
886,0.19734941151622323,
887,0.1973385243038611,
888,0.19733419783775977,
889,0.19733225901200493,
890,0.19732252802764735,
891,0.19731025113207637,
892,0.19729669275131517,
893,0.1972860647383666,
894,0.19727194873294127,
895,0.1972711363660433,
896,0.19726441563282768,
897,0.19725185351504923,
898,0.197248139849567,
899,0.19723372828123226,
900,0.19723087789698626,
901,0.19721651820237732,
902,0.19720631626456997,
903,0.19719589267524823,
904,0.19717543232621387,
905,0.19716608687324583,
906,0.19715601768487234,
907,0.19715131282802897,
908,0.19713929156764234,
909,0.19713212070825722,
910,0.19711784488803819,
911,0.19711325496338986,
912,0.19710825742871535,
913,0.1971043632178195,
914,0.19710147826666044,
915,0.19709408003939022,
916,0.19709259550342073,
917,0.19708745372689276,
918,0.19708004147216632,
919,0.19707777311978383,
920,0.19706794186716547,
921,0.19705605161594023,
922,0.19705598932135587,
923,0.1970528868220896,
924,0.19704093815526974,
925,0.19703847438214134,
926,0.19702486652081236,
927,0.1970114255228929,
928,0.19700403968013755,
929,0.19699216343535325,
930,0.19698660130819848,
931,0.19697917273387178,
932,0.1969667910190014,
933,0.19695726189535095,
934,0.19694677266493185,
935,0.1969377727600347,
936,0.19692734145646149,
937,0.19691360962417861,
938,0.1969058390451979,
939,0.1968953658774408,
940,0.19688342869208175,
941,0.19688121748212095,
942,0.1968722611104079,
943,0.19686429828545512,
944,0.19685233669101715,
945,0.19684962562535477,
946,0.19683752529885887,
947,0.1968286525874443,
948,0.19682742231028835,
949,0.19681718267091106,
950,0.19681211304269083,
951,0.1968021949152628,
952,0.19679143286935857,
953,0.19677931315291422,
954,0.19676725743024973,
955,0.1967571992787176,
956,0.19674294902074393,
957,0.19673652844242898,
958,0.19672578890260792,
959,0.19672561402009295,
960,0.19671624125650083,
961,0.19671542301494785,
962,0.1967076222274,
963,0.1966967490898305,
964,0.19668925054779648,
965,0.1966850524241716,
966,0.19667775257853348,
967,0.1966645461024184,
968,0.19665700182816198,
969,0.19664630286951654,
970,0.19664037893162753,
971,0.1966269161505455,
972,0.19662183864228988,
973,0.19661186500013894,
974,0.19660210859025196,
975,0.19659686250556604,
976,0.19659542566989618,
977,0.19658744739965717,
978,0.19658128507422315,
979,0.19657033138892088,
980,0.19655949780633525,
981,0.19655547695228906,
982,0.19653915224829072,
983,0.19653409889025913,
984,0.19652155547122785,
985,0.1965124992513502,
986,0.19650521376793798,
987,0.19649886582163323,
988,0.19649158701559138,
989,0.19648618487535294,
990,0.19648360378963514,
991,0.19647843835021211,
992,0.19647582794836926,
993,0.1964648137819025,
994,0.19646372842415397,
995,0.19645275674818027,
996,0.19644552089510658,
997,0.19643393958149294,
998,0.19642078556041587,
999,0.19640862882717697,
1000,0.19640110848875408,
1001,0.1963850040114766,
1002,0.19637353737870328,
1003,0.19636255045696469,
1004,0.19635970205222142,
1005,0.1963528589267781,
1006,0.19634136530022395,
1007,0.19632916761025668,
1008,0.19632432918418838,
1009,0.19631908076238408,
1010,0.1963172381473092,
1011,0.19630861761579668,
1012,0.19630501273538095,
1013,0.19629468325064678,
1014,0.19628194603116791,
1015,0.1962782652826304,
1016,0.19626480512930392,
1017,0.19625977454665944,
1018,0.19624919186228096,
1019,0.19624255782836952,
1020,0.19622972285883922,
1021,0.19621838256560842,
1022,0.19621195997803406,
1023,0.19619776834524583,
1024,0.19618646920076027,
1025,0.19618115640760875,
1026,0.19617224960362248,
1027,0.1961604892002993,
1028,0.19615273716533113,
1029,0.19614104251508432,
1030,0.19612980070808747,
1031,0.19612526307305816,
1032,0.19611475580016213,
1033,0.196107723715424,
1034,0.19609766460254408,
1035,0.1960900689619419,
1036,0.1960781396484777,
1037,0.196076088429931,
1038,0.19607404234392586,
1039,0.1960667671590068,
1040,0.19606433659147512,
1041,0.1960540983702717,
1042,0.19605551190763995,
1043,0.1960454689870392,
1044,0.19603355664436867,
1045,0.1960238528518856,
1046,0.19601936602486927,
1047,0.19600976455790847,
1048,0.19600038932744335,
1049,0.19598818839399998,
1050,0.1959828563894173,
1051,0.19597804016472378,
1052,0.19597068611325547,
1053,0.1959602326816793,
1054,0.19594996855368227,
1055,0.1959373200617467,
1056,0.19592810207406836,
1057,0.19591975526974797,
1058,0.19591034745441016,
1059,0.19590811021000953,
1060,0.19590408578806626,
1061,0.19589319236010297,
1062,0.1958839502130907,
1063,0.1958864004838194,
1064,0.19587951445859147,
1065,0.195868373459496,
1066,0.19585717564709854,
1067,0.19584717776905156,
1068,0.1958474212991616,
1069,0.19584505337687683,
1070,0.19584723743427127,
1071,0.195835032596819,
1072,0.19583427651366322,
1073,0.19582855226062815,
1074,0.1958174548757195,
1075,0.1958062733387778,
1076,0.1958007014026037,
1077,0.19578976156782546,
1078,0.19577722973204323,
1079,0.1957668744978338,
1080,0.19576222873280594,
1081,0.19575591161796468,
1082,0.19575191172545756,
1083,0.19574078866280079,
1084,0.19573907629470927,
1085,0.19572749826001742,
1086,0.19572387287796894,
1087,0.19572155837983482,
1088,0.19570983015754811,
1089,0.19570184613985495,
1090,0.19569717550633176,
1091,0.19569059786592413,
1092,0.19568370513647138,
1093,0.19567902753669073,
1094,0.19567522938598278,
1095,0.1956670404203156,
1096,0.19566237377724302,
1097,0.19565534810161184,
1098,0.19565100386047476,
1099,0.19564491913327414,
1100,0.1956396252859449,
1101,0.19562974225929605,
1102,0.19562511856622253,
1103,0.19561609063787075,
1104,0.19561225192498805,
1105,0.19560624476346927,
1106,0.1955952363998788,
1107,0.1955875459326172,
1108,0.19558077849494268,
1109,0.19557205325282942,
1110,0.19556167729059978,
1111,0.19555199199423645,
1112,0.19554741819731092,
1113,0.1955463387418817,
1114,0.19554138521997239,
1115,0.19553032899635708,
1116,0.19552110715019233,
1117,0.19550969613565083,
1118,0.1955038268647151,
1119,0.1955015585229428,
1120,0.19549661588823633,
1121,0.19549435529158418,
1122,0.1954828455756021,
1123,0.19547102105100644,
1124,0.19547028240060654,
1125,0.1954605449029874,
1126,0.19545028346112603,
1127,0.1954458283459638,
1128,0.19543352620709398,
1129,0.1954263411038336,
1130,0.19541588355242603,
1131,0.19540678397817426,
1132,0.19540452883080667,
1133,0.19539868321906187,
1134,0.19539042002789975,
1135,0.1953791579130643,
1136,0.19537540409162343,
1137,0.19537085135273977,
1138,0.19536942912244484,
1139,0.19536718047796706,
1140,0.19535565240562738,
1141,0.19534592829081365,
1142,0.1953364756109441,
1143,0.19533332709860998,
1144,0.19531507746177879,
1145,0.19530391572243627,
1146,0.1952928044019386,
1147,0.19528364370723525,
1148,0.19527449693175075,
1149,0.1952678810966765,
1150,0.19526137077014277,
1151,0.1952588026882149,
1152,0.19525773892318618,
1153,0.19525401971622933,
1154,0.19524513092694454,
1155,0.19523310488159412,
1156,0.19522856277850742,
1157,0.19521901546912682,
1158,0.19520966340809157,
1159,0.19520307502984405,
1160,0.19519937250024708,
1161,0.19519495847480028,
1162,0.195195947855972,
1163,0.19518453620144036,
1164,0.19517646753101756,
1165,0.1951682256171325,
1166,0.19516155046750075,
1167,0.1951484500930925,
1168,0.19514204147415237,
1169,0.19513911808164947,
1170,0.19513785045142554,
1171,0.19512829291328812,
1172,0.19512463430546295,
1173,0.19511839583233456,
1174,0.1951108292917738,
1175,0.1951052010220584,
1176,0.1951044837822214,
1177,0.19509507598480208,
1178,0.1950929332085391,
1179,0.19508517306118067,
1180,0.19507440474081084,
1181,0.1950722374494318,
1182,0.19506320080980233,
1183,0.19505740293570523,
1184,0.1950566949452624,
1185,0.19505107357422707,
1186,0.19504452111781054,
1187,0.19503795191712503,
1188,0.1950358277311679,
1189,0.19503584555099793,
1190,0.19502847376336274,
1191,0.1950241922888763,
1192,0.1950199505501941,
1193,0.1950091946896168,
1194,0.19500375768975245,
1195,0.19499685157777447,
1196,0.19499092093676876,
1197,0.1949845566982495,
1198,0.19498386697553766,
1199,0.19497296902946465,
1200,0.19496922341688575,
1201,0.19496168873871855,
1202,0.19495271766718872,
1203,0.1949444761234224,
1204,0.19495820807328626,
1205,0.19494869720540808,
1206,0.1949465104564537,
1207,0.1949381757323041,
1208,0.1949343401487373,
1209,0.19493366219054997,
1210,0.19493183249905624,
1211,0.1949204570792597,
1212,0.19490858935176575,
1213,0.19490455844205912,
1214,0.19489926315403175,
1215,0.19489137542913926,
1216,0.19488310499490066,
1217,0.19488094607556888,
1218,0.19487378397926003,
1219,0.19486957903436486,
1220,0.19486197377773623,
1221,0.1948514577804859,
1222,0.19484289881806313,
1223,0.19483365119930693,
1224,0.19482356406817863,
1225,0.19482036761612773,
1226,0.19481825433802152,
1227,0.1948078288361128,
1228,0.1948001551734119,
1229,0.19479575954022355,
1230,0.1947902317295452,
1231,0.19478612219106317,
1232,0.19478010596521783,
1233,0.19477131655219426,
1234,0.19476723055441794,
1235,0.19476086622864086,
1236,0.19476347026854485,
1237,0.1947556928856837,
1238,0.19474932830255967,
1239,0.19474218577797064,
1240,0.19473510784266235,
1241,0.19473808149751756,
1242,0.1947321908245444,
1243,0.19472619888694867,
1244,0.19471842219513347,
1245,0.19471663157690913,
1246,0.1947155332410028,
1247,0.1947148676919098,
1248,0.19470984459160692,
1249,0.19469820385634898,
1250,0.1946935564666225,
1251,0.1946839390821897,
1252,0.19468297775336596,
1253,0.19467544393311037,
1254,0.19466732379180496,
1255,0.19465956641245902,
1256,0.19465414412771248,
1257,0.19464375329256764,
1258,0.19464309724775145,
1259,0.19463832549841248,
1260,0.19463040667563777,
1261,0.194621177908174,
1262,0.194617374251906,
1263,0.19460847422240585,
1264,0.1945977077522546,
1265,0.19459030453725482,
1266,0.19458719419757292,
1267,0.19458100656150418,
1268,0.19456981891131298,
1269,0.194565361901544,
1270,0.1945599949240756,
1271,0.19455351154461856,
1272,0.19454541133426484,
1273,0.1945375684679278,
1274,0.1945283469416907,
1275,0.19451864653875653,
1276,0.1945081842820747,
1277,0.19450513026766375,
1278,0.19450785787808395,
1279,0.19450475653494612,
1280,0.19449650309686892,
1281,0.19449072959376837,
1282,0.1944807827737901,
1283,0.19448033528775968,
1284,0.19447967567252517,
1285,0.19447129801808774,
1286,0.19446455773642193,
1287,0.19445939590402392,
1288,0.1944569215287683,
1289,0.19444967211223604,
1290,0.19443991898381346,
1291,0.1944309914109004,
1292,0.19442372255240764,
1293,0.19441354346041667,
1294,0.19441158344340534,
1295,0.19441092825443185,
1296,0.19440282942803724,
1297,0.19439383002761346,
1298,0.19438828249675025,
1299,0.19438660503215205,
1300,0.1943778086533877,
1301,0.19436807711410403,
1302,0.19436068625336686,
1303,0.19435691780998846,
1304,0.19434852948128042,
1305,0.1943404807774281,
1306,0.19433710005062296,
1307,0.1943351626955524,
1308,0.19432463653240614,
1309,0.19431819346874893,
1310,0.19430957109976224,
1311,0.19430122282219642,
1312,0.19429271834227935,
1313,0.19428380438639614,
1314,0.19427828241206002,
1315,0.19427450636302923,
1316,0.1942720880233002,
1317,0.19426362058749913,
1318,0.194261672673968,
1319,0.1942530766231661,
1320,0.1942432693715291,
1321,0.1942414087991972,
1322,0.1942332016503041,
1323,0.19422468553237224,
1324,0.19421584686904758,
1325,0.19420820199227365,
1326,0.19420485938311763,
1327,0.19419766577202194,
1328,0.194189901274855,
1329,0.19418582563569972,
1330,0.1941824724990168,
1331,0.1941798973337728,
1332,0.19417465678440568,
1333,0.19416712900758365,
1334,0.19416023944512448,
1335,0.19416418444568315,
1336,0.19415452693900787,
1337,0.19414457440389438,
1338,0.19413512925750495,
1339,0.19412705864109528,
1340,0.19412506263265658,
1341,0.19411552636576146,
1342,0.19410620189572877,
1343,0.1941012542085684,
1344,0.1940989928665992,
1345,0.194096318811747,
1346,0.19409321519391542,
1347,0.19408378173984564,
1348,0.19408209296510798,
1349,0.19407733028909321,
1350,0.19406888990615206,
1351,0.19406096310762586,
1352,0.1940591419740009,
1353,0.1940532221559815,
1354,0.1940493629115188,
1355,0.194042700917688,
1356,0.19403830442022033,
1357,0.1940362510788314,
1358,0.1940304349688133,
1359,0.1940215414305823,
1360,0.19402259492812146,
1361,0.19401443343034144,
1362,0.19400790017844805,
1363,0.19400118795671667,
1364,0.1939992646681524,
1365,0.19399861656067385,
1366,0.19399103561196207,
1367,0.19398266360425612,
1368,0.1939773177165183,
1369,0.1939696604919932,
1370,0.19396354880370842,
1371,0.19395534099997946,
1372,0.19395181356847965,
1373,0.19394340479551808,
1374,0.1939375019644613,
1375,0.1939279092588294,
1376,0.1939208839126351,
1377,0.19391653279998566,
1378,0.19391088070301843,
1379,0.19390844179386815,
1380,0.19390466034877202,
1381,0.19389158946439428,
1382,0.19388247141164047,
1383,0.19387648955268105,
1384,0.19386760011676227,
1385,0.19386356719243986,
1386,0.19385563446443138,
1387,0.19384804493215854,
1388,0.19384489203298577,
1389,0.1938403840677324,
1390,0.19383293524354075,
1391,0.19383056935460868,
1392,0.19382692582378758,
1393,0.19381997626115613,
1394,0.1938107929609385,
1395,0.1938016936118435,
1396,0.19379754987321346,
1397,0.19379352113046763,
1398,0.19378635126119098,
1399,0.19378360213086815,
1400,0.19377973691678582,
1401,0.19376781384170275,
1402,0.19375880754842847,
1403,0.1937569088370002,
1404,0.19374865514010378,
1405,0.19374511431800037,
1406,0.1937436431527422,
1407,0.19374134725485834,
1408,0.19373531270823974,
1409,0.1937274640052323,
1410,0.19372108692165427,
1411,0.19371206870443627,
1412,0.19370535548209736,
1413,0.19370182296277644,
1414,0.19369492160767623,
1415,0.19368445245390817,
1416,0.19367549216021737,
1417,0.19367351461822116,
1418,0.1936666765271835,
1419,0.1936578786533169,
1420,0.19365212879602578,
1421,0.193643592551224,
1422,0.19364237947728796,
1423,0.19363880212415144,
1424,0.1936321536160872,
1425,0.19363278059687977,
1426,0.1936249428556769,
1427,0.1936193099965297,
1428,0.19361744614017973,
1429,0.19361165600652866,
1430,0.19360656725898037,
1431,0.1935987290961416,
1432,0.19359068703395035,
1433,0.19358329361572515,
1434,0.19357579854045096,
1435,0.19356799753535817,
1436,0.19356133341231777,
1437,0.19355328353416945,
1438,0.19354747656617946,
1439,0.19354105112114503,
1440,0.19353503103346853,
1441,0.1935267538031804,
1442,0.19352502908720615,
1443,0.19351825914861306,
1444,0.19351543944544086,
1445,0.19350834807212064,
1446,0.1935050863248359,
1447,0.1935000851675734,
1448,0.19349174122412496,
1449,0.19348373606979044,
1450,0.19347855258977137,
1451,0.1934724424418944,
1452,0.19346946152470132,
1453,0.19345842981822933,
1454,0.19345405801127966,
1455,0.19345222980136437,
1456,0.19344431141655954,
1457,0.19344255924361908,
1458,0.1934390594328948,
1459,0.19343078222502938,
1460,0.19342900449468292,
1461,0.19343014396698907,
1462,0.19342895052612624,
1463,0.19342737092599988,
1464,0.19342120794383172,
1465,0.19341344969509847,
1466,0.19340502739646276,
1467,0.19340416618127437,
1468,0.19339952393011958,
1469,0.19339557297901913,
1470,0.1933937952201199,
1471,0.19338754725856297,
1472,0.19338156857745106,
1473,0.1933751422751556,
1474,0.19337048529703058,
1475,0.19336322988665453,
1476,0.19335823770765215,
1477,0.19335201266641755,
1478,0.19334276680813334,
1479,0.1933381166799218,
1480,0.19333749679661077,
1481,0.19333687898581578,
1482,0.19333346722565742,
1483,0.19332555733733262,
1484,0.19331927015727873,
1485,0.1933103656286678,
1486,0.19330717825733393,
1487,0.1932984463790262,
1488,0.19328939008118268,
1489,0.19328377104920932,
1490,0.19327500529884512,
1491,0.1932739277332158,
1492,0.19326629922403607,
1493,0.19326181341185417,
1494,0.19325373913369887,
1495,0.1932509260638966,
1496,0.1932421841213898,
1497,0.1932381498922581,
1498,0.19323315065617053,
1499,0.1932267817362552,
1500,0.19321955595637094,
1501,0.19321517014216705,
1502,0.19321058979107994,
1503,0.19320721743436073,
1504,0.19320182565477814,
1505,0.19319558362623032,
1506,0.19318836787029023,
1507,0.193180514745467,
1508,0.19317492822637708,
1509,0.19317019761984333,
1510,0.1931648192292995,
1511,0.19315732028180474,
1512,0.19315553069488975,
1513,0.19315134445034265,
1514,0.19314613734718616,
1515,0.19314288494545587,
1516,0.19313535708147864,
1517,0.1931320012631569,
1518,0.19312547409367062,
1519,0.19312221449037228,
1520,0.19312051605320607,
1521,0.1931132805672877,
1522,0.19310583531806322,
1523,0.1930994645826391,
1524,0.1930945282093931,
1525,0.19309134981664589,
1526,0.19308475910719408,
1527,0.19308378266637288,
1528,0.1930769775611024,
1529,0.19306704444081793,
1530,0.19306243807684087,
1531,0.1930607466320752,
1532,0.19305103329541207,
1533,0.19304318919835503,
1534,0.193037893700952,
1535,0.19303407387265353,
1536,0.19302853368196032,
1537,0.19301994763281147,
1538,0.1930148525365568,
1539,0.19300794000718147,
1540,0.193004617661237,
1541,0.19300294050251163,
1542,0.19299589450050883,
1543,0.19299454139077765,
1544,0.19298697820313712,
1545,0.19297867578536004,
1546,0.1929702462785991,
1547,0.1929615488694904,
1548,0.192956097235596,
1549,0.19294788717774108,
1550,0.19294777730764015,
1551,0.192946144251109,
1552,0.19293967077378996,
1553,0.19293168693569782,
1554,0.19292404837512983,
1555,0.19291952722398745,
1556,0.19291623916259373,
1557,0.19290857202604103,
1558,0.1929040753260934,
1559,0.19289862070633407,
1560,0.19289177857957807,
1561,0.1928848449362581,
1562,0.19288368300268469,
1563,0.19287913515955188,
1564,0.19287124086571053,
1565,0.19287935811806048,
1566,0.19287836882953874,
1567,0.19287358419672823,
1568,0.19287299922420525,
1569,0.19286742941520457,
1570,0.19286194215673036,
1571,0.19285574280127876,
1572,0.19285171336733964,
1573,0.1928506056177643,
1574,0.1928452928039765,
1575,0.1928409196942208,
1576,0.19283254495119279,
1577,0.19282413658961142,
1578,0.1928184799982845,
1579,0.19281112054323513,
1580,0.19280524241476277,
1581,0.19280230434223297,
1582,0.19279760989203054,
1583,0.1927911936427612,
1584,0.19278412953815363,
1585,0.19278164041692847,
1586,0.19277994134845253,
1587,0.192771590307238,
1588,0.19276735487236402,
1589,0.19276128439048631,
1590,0.1927559087316,
1591,0.19275130145623862,
1592,0.19274221024408209,
1593,0.1927357354173566,
1594,0.19273292712085652,
1595,0.19272834289659746,
1596,0.1927200384224685,
1597,0.1927148922495705,
1598,0.19271330218456093,
1599,0.19270533418241093,
1600,0.19270176633528205,
1601,0.19269656555410541,
1602,0.19268801605759192,
1603,0.19268721601207292,
1604,0.19268674231805596,
1605,0.1926798915878293,
1606,0.19267400686020195,
1607,0.1926671937338383,
1608,0.19265912849825578,
1609,0.19265726575366302,
1610,0.19264990686627784,
1611,0.1926423774527056,
1612,0.19263702650945375,
1613,0.19262955425386208,
1614,0.1926257603663543,
1615,0.19262408755624133,
1616,0.19262244737321577,
1617,0.1926163618310904,
1618,0.19260953318134613,
1619,0.1926034278772248,
1620,0.19260285754897788,
1621,0.19259608205507242,
1622,0.19259321973728646,
1623,0.19259166951751272,
1624,0.19258449177775602,
1625,0.19257834571894203,
1626,0.1925710505908512,
1627,0.19256661330383504,
1628,0.19255975471754375,
1629,0.19255485901555375,
1630,0.19255040215916558,
1631,0.19254331905780497,
1632,0.19253732981608684,
1633,0.19252798254619985,
1634,0.19252654004000727,
1635,0.19252000395148108,
1636,0.1925151677703278,
1637,0.1925092621752242,
1638,0.19250506404602447,
1639,0.1924984580885247,
1640,0.192497395671912,
1641,0.19249377846085414,
1642,0.19248870134904614,
1643,0.19248091026294992,
1644,0.19247539891760934,
1645,0.19246841330090617,
1646,0.1924632770085719,
1647,0.1924601688699587,
1648,0.19245263800780718,
1649,0.19244557515291458,
1650,0.19243892709750002,
1651,0.19243171977950688,
1652,0.1924249483116223,
1653,0.19241827006888068,
1654,0.1924141435942797,
1655,0.1924070732667975,
1656,0.19240458526114002,
1657,0.19239913008660336,
1658,0.1923919043708747,
1659,0.1923911728091093,
1660,0.19238479819610002,
1661,0.19238328488900266,
1662,0.19237542809674832,
1663,0.19236968331810456,
1664,0.19236839234387815,
1665,0.19236571541640787,
1666,0.1923605675810997,
1667,0.19235461534563944,
1668,0.19234671420807503,
1669,0.19233979265562573,
1670,0.19233527316334975,
1671,0.1923328447522174,
1672,0.1923318914470933,
1673,0.19233133894443594,
1674,0.192323872642066,
1675,0.19231937171989827,
1676,0.1923120632808973,
1677,0.19230617858202595,
1678,0.19230461462943407,
1679,0.19229386930207137,
1680,0.19228981855224989,
1681,0.192283958058342,
1682,0.19227711921341914,
1683,0.19227657120842945,
1684,0.19227202208033645,
1685,0.1922689896450338,
1686,0.19226184594626847,
1687,0.19225612966011438,
1688,0.1922543013424018,
1689,0.19225375535024106,
1690,0.1922522057722972,
1691,0.1922476083825821,
1692,0.19224070769719928,
1693,0.1922361738771376,
1694,0.19223405394975418,
1695,0.19223133714147334,
1696,0.19222978702224613,
1697,0.19222197142952083,
1698,0.19222056015372524,
1699,0.19221649862314097,
1700,0.19220837117263653,
1701,0.19220036869268398,
1702,0.19219885482320315,
1703,0.1921945754833831,
1704,0.1921884334763458,
1705,0.19218708443148647,
1706,0.19218078102469105,
1707,0.19217798795508528,
1708,0.19217140433818644,
1709,0.1921650815395838,
1710,0.19215822290175344,
1711,0.19215473326250262,
1712,0.19214768077004282,
1713,0.19214336837929288,
1714,0.1921390975454808,
1715,0.19213611964317379,
1716,0.19213644010780637,
1717,0.19213478580251894,
1718,0.19212721226480492,
1719,0.1921211186151054,
1720,0.1921151210167705,
1721,0.1921128611569835,
1722,0.19211006959554808,
1723,0.19210943764350025,
1724,0.19210791478836997,
1725,0.19210374389323207,
1726,0.1921014595144747,
1727,0.19209418183389548,
1728,0.19208841512288743,
1729,0.19208104758355168,
1730,0.19207713826517248,
1731,0.19207559968791543,
1732,0.19207210405795286,
1733,0.192071536688016,
1734,0.19206755355205363,
1735,0.19206355569401912,
1736,0.1920606043220489,
1737,0.19205042827457716,
1738,0.19204292376634988,
1739,0.19203882934054836,
1740,0.19203707590265878,
1741,0.19202885426690217,
1742,0.19202365455926046,
1743,0.19201766498049377,
1744,0.1920132774614727,
1745,0.19200819336061833,
1746,0.19200429488688442,
1747,0.19199598032979312,
1748,0.19198845132249148,
1749,0.1919799917659527,
1750,0.19197571824631748,
1751,0.19196759337798383,
1752,0.19196613267323545,
1753,0.1919621936668117,
1754,0.19195933618831443,
1755,0.19195858998172038,
1756,0.19195422987883307,
1757,0.1919486174903293,
1758,0.1919431220628261,
1759,0.19193374503269472,
1760,0.19193081993683433,
1761,0.19192945353698193,
1762,0.19192400572336546,
1763,0.19191845931764537,
1764,0.19191187083260805,
1765,0.1919091259555742,
1766,0.19190506661476833,
1767,0.191898290310498,
1768,0.1918969373987994,
1769,0.19189363649571645,
1770,0.19188876220386614,
1771,0.1918869058866478,
1772,0.19187956224383138,
1773,0.19187280703557308,
1774,0.19186611314092486,
1775,0.19186197966558527,
1776,0.19186049784369957,
1777,0.1918565222568725,
1778,0.19185412657743114,
1779,0.19185134193738237,
1780,0.19184607339218526,
1781,0.19184179656140418,
1782,0.19183449892259766,
1783,0.19182813451045697,
1784,0.19182759015735198,
1785,0.19182080687467118,
1786,0.1918136691222572,
1787,0.1918138803036999,
1788,0.1918073495461067,
1789,0.19180028450485462,
1790,0.19179405773206362,
1791,0.19178986818153612,
1792,0.19178431609599925,
1793,0.1917790608437662,
1794,0.1917748494705639,
1795,0.19177505279673782,
1796,0.19177026607021339,
1797,0.19176336626588456,
1798,0.19175844193263494,
1799,0.19175371109760733,
1800,0.19174920997815087,
1801,0.19174535469432646,
1802,0.19173939110888044,
1803,0.19173215495444257,
1804,0.19172799843929358,
1805,0.1917251936214341,
1806,0.19171853182065346,
1807,0.19171326818492862,
1808,0.19171273248192522,
1809,0.19171223280144248,
1810,0.1917063113177813,
1811,0.19170348200204487,
1812,0.1916977232347198,
1813,0.19169106679541695,
1814,0.19168673691859364,
1815,0.19168477257985692,
1816,0.19168213505710782,
1817,0.1916761264247164,
1818,0.191670097099929,
1819,0.19166449985956402,
1820,0.19165682943114293,
1821,0.19165091124251604,
1822,0.1916438982990656,
1823,0.19163707215622636,
1824,0.19163553450679363,
1825,0.19163044840961926,
1826,0.19162914982585424,
1827,0.19162294511052588,
1828,0.1916215055154622,
1829,0.19161333387779073,
1830,0.19160448950163014,
1831,0.1915991300706317,
1832,0.19159380763270648,
1833,0.1915887886484181,
1834,0.1915815314842515,
1835,0.19158100291780047,
1836,0.19157861835139212,
1837,0.19157582218441147,
1838,0.19156927044794037,
1839,0.19156323116837504,
1840,0.1915571898429822,
1841,0.19155583614871768,
1842,0.1915506638086636,
1843,0.19154354487564293,
1844,0.19153814612741724,
1845,0.19153151663620951,
1846,0.19152628873565467,
1847,0.1915248817764683,
1848,0.19152415199084794,
1849,0.1915178086966107,
1850,0.19151573880160377,
1851,0.19151521591696966,
1852,0.1915097682050063,
1853,0.1915026456517312,
1854,0.1914989616961038,
1855,0.1914961832815228,
1856,0.19149092586095767,
1857,0.1914856837540723,
1858,0.19147978115747016,
1859,0.19147590809632897,
1860,0.1914765149390739,
1861,0.19147005707229311,
1862,0.19146807428933046,
1863,0.19146298747576143,
1864,0.19146168563476065,
1865,0.19145525051225,
1866,0.19144924401242705,
1867,0.19145052278917293,
1868,0.19144953628712374,
1869,0.1914429573226404,
1870,0.19143914515249888,
1871,0.19143462427223054,
1872,0.19143126809970085,
1873,0.19142717220046415,
1874,0.1914238514356757,
1875,0.19142022486953153,
1876,0.19141884061499995,
1877,0.19141340726051617,
1878,0.1914088046794992,
1879,0.19140538089307071,
1880,0.1914048704686903,
1881,0.19140103030590921,
1882,0.19139648688722705,
1883,0.19139381575073686,
1884,0.19139002031842536,
1885,0.19138873535457623,
1886,0.19138402020957604,
1887,0.1913782824582983,
1888,0.19137169449465202,
1889,0.1913658699262945,
1890,0.19136166419826964,
1891,0.19136026945472406,
1892,0.19135799400362516,
1893,0.19135200484009168,
1894,0.1913483898766888,
1895,0.19134707453789643,
1896,0.19134313924799162,
1897,0.1913372147948224,
1898,0.1913311910338113,
1899,0.19132524030179993,
1900,0.1913247575696168,
1901,0.19131851092920546,
1902,0.19131208026198315,
1903,0.1913055428719207,
1904,0.19129912362911033,
1905,0.1912948245819793,
1906,0.19128844147694868,
1907,0.19128793520326146,
1908,0.19128114193669946,
1909,0.19127843248305837,
1910,0.19127297941673785,
1911,0.19126919981954546,
1912,0.19126528047488145,
1913,0.1912626113090212,
1914,0.19125897187526342,
1915,0.19125586872578754,
1916,0.19125110196555803,
1917,0.19124856173951982,
1918,0.1912435010921358,
1919,0.19123915818457649,
1920,0.1912331088407148,
1921,0.19122636598210238,
1922,0.19122101438788022,
1923,0.19121610180284634,
1924,0.1912094374123873,
1925,0.1912032598953176,
1926,0.19120088652170242,
1927,0.19119718903807734,
1928,0.1911913205457062,
1929,0.1911887701742483,
1930,0.19118202679460392,
1931,0.19117961680344472,
1932,0.19117578400489488,
1933,0.19116869737142272,
1934,0.19116064406278496,
1935,0.19116014221418023,
1936,0.19115491251624045,
1937,0.1911521871158598,
1938,0.19114828047619,
1939,0.1911470233921369,
1940,0.19114064283853335,
1941,0.19113586829756893,
1942,0.19113451779736787,
1943,0.19113199267882297,
1944,0.19112992257305655,
1945,0.1911249545851951,
1946,0.1911225990146779,
1947,0.19111672407890284,
1948,0.1911162261741663,
1949,0.19111382733705853,
1950,0.19110716941473366,
1951,0.19110209457339383,
1952,0.19109706496271375,
1953,0.1910931730143792,
1954,0.19109173323264084,
1955,0.19108569483728574,
1956,0.1910802397877196,
1957,0.19107489357242355,
1958,0.1910695414461216,
1959,0.1910656330518931,
1960,0.19105982595782403,
1961,0.1910585742445268,
1962,0.1910613978232556,
1963,0.1910600661766656,
1964,0.19105376134560872,
1965,0.19105117321917195,
1966,0.1910466563148841,
1967,0.19104616260046434,
1968,0.19104263763665427,
1969,0.19103730436228616,
1970,0.19103681346647075,
1971,0.1910305511513741,
1972,0.19102549263104546,
1973,0.1910246207757353,
1974,0.19102330771261306,
1975,0.1910190484253861,
1976,0.19101255908282636,
1977,0.1910089645902672,
1978,0.1910073044453818,
1979,0.19100216818659743,
1980,0.19099700609334866,
1981,0.19099443525889753,
1982,0.19098979173406408,
1983,0.19098418686499938,
1984,0.19098089402811208,
1985,0.19097856782863218,
1986,0.19097417843757064,
1987,0.19096948391880342,
1988,0.19096698082779234,
1989,0.1909645340259072,
1990,0.19095791821512018,
1991,0.19095661168955805,
1992,0.19095025157600487,
1993,0.19094813824012632,
1994,0.19094461284178385,
1995,0.19094249151596004,
1996,0.19094199429931882,
1997,0.19093851725595387,
1998,0.19093471438826723,
1999,0.19093421957341686,
2000,0.1909301858473147,
